,Outage No.,Seq ID,SRD,a/m,Priority,Start (M),OEL,OEL Desc,Zone,ACE,CE,FIT,CLINE,TLINESAP,SAP,Asset_Type,Voltage,Boundary,Plan year,Start Date,End Date,Duration,Start,End,Follows,Path,Placed,Risk
331,332,seq0003,,m,91,178,ABHAX10,ABHAM-EXETER-LANGAGE 2,TSWWCTY,1.9,0,1.7,0,0,1.1,Circuit,400kV,SWPEN,2022,28/09/2022,11/10/2022,14,178,191,0,329,PL,2
346,347,seq0012,,m,92,1,ACTL1T,,TLNCETL,0.9,0,0,0,0,0,SGT,<66kV,Missing Boundary,2022,04/04/2022,17/04/2022,14,1,14,0,343,PL,1
236,237,seq0014,101115-202216-O-0001,m,30,1,ALDW2A4,ALDWARKE - WEST MELTON,OHNE,0,0,0,10.8,2.2,0,MC,275kV,SHRIMP,2022,04/04/2022,15/05/2022,42,1,42,0,237,PL,297.662
235,236,seq0015,101115-202216-O-0001,m,30,1,ALDW2A4,ALDWARKE - WEST MELTON,TNESHEF,1.3,0,2.1,0,0,1.3,MC,275kV,SHRIMP,2022,04/04/2022,15/05/2022,42,1,42,0,236,PL,8
234,235,seq0016,101115-202216-O-0001,m,30,1,ALDW2A4,ALDWARKE - WEST MELTON,TNESHUM,1.6,0,3.4,0,0,2.4,MC,275kV,SHRIMP,2022,04/04/2022,15/05/2022,42,1,42,0,235,PL,10
4,5,seq0017,101125-202188-O-0003,m,0,155,ALDW2M1,ALDWARKE MC1 - SGT1A/1B,TNESHUM,0,0,0,0,0,0,MC,275kV,NPG,2022,05/09/2022,07/09/2022,3,155,157,0,5,PL,0
232,233,seq0018,,m,27,155,ALDW2M1,ALDWARKE MC1 - SGT1A/1B,TNESHUM,2,0,10.9,0,0,2,MC,275kV,NPG,2022,05/09/2022,14/10/2022,40,155,194,0,233,PL,445.732
6,7,seq0019,101125-202188-O-0005,m,0,99,ALDW2M3,ALDWARKE MC3 - BRINSWORTH - SGT3,TNESHUM,0,0,0,0,0,0,MC,275kV,SHRIMP,2022,11/07/2022,13/07/2022,3,99,101,0,7,PL,0
220,221,seq0020,,m,17,99,ALDW2M3,ALDWARKE MC3 - BRINSWORTH - SGT3,OHNE,0,0,0,7,1.4,0,MC,275kV,SHRIMP,2022,11/07/2022,21/08/2022,42,99,140,0,221,PL,240.136
219,220,seq0021,,m,17,99,ALDW2M3,ALDWARKE MC3 - BRINSWORTH - SGT3,TNESHEF,1.2,0,3.4,0,0,1.3,MC,275kV,SHRIMP,2022,11/07/2022,21/08/2022,42,99,140,0,220,PL,402.038
218,219,seq0022,,m,17,99,ALDW2M3,ALDWARKE MC3 - BRINSWORTH - SGT3,TNESHUM,1.1,0,2.7,0,0,1.6,MC,275kV,SHRIMP,2022,11/07/2022,21/08/2022,42,99,140,0,219,PL,7
0,1,seq0023,101125-202188-O-0001,m,0,155,ALDW2H1B,,TNESHUM,0,0,0,0,0,0,SGT,275kV,SHRIMP,2022,05/09/2022,27/10/2022,53,155,207,0,1,PL,0
1,2,seq0024,101125-202188-O-0002,m,0,99,ALDW2H3,,TNESHUM,0,0,0,0,0,0,SGT,275kV,SHRIMP,2022,11/07/2022,01/09/2022,53,99,151,0,2,PL,0
2,3,seq0025,101114-202215-O-0001,m,0,99,ALDW2L3,,TNESHUM,0,0,0,0,0,0,Circuit,275kV,SHRIMP,2022,11/07/2022,04/08/2022,25,99,123,0,3,PL,0
7,8,seq0030,033663-200195-O-0001,m,0,169,AMEMX1,AMERSHAM-EAST CLAYDON-IVER 1. SGT1,TLNNWST,0,0,0,0,0,0,Circuit,400kV,ADJACENT CIRCUITS - SEIMPPR,2022,19/09/2022,30/09/2022,12,169,180,0,8,PL,0
8,9,seq0031,033663-200195-O-0009,m,0,190,AMEMX2,AMERSHAM-EAST CLAYDON-IVER 2. SGT2,TLNNWST,0,0,0,0,0,0,Circuit,400kV,ADJACENT CIRCUITS - SEIMPPR,2022,10/10/2022,21/10/2022,12,190,201,0,9,PL,0
260,261,seq0033,,m,67,119,AXMI4M1-A,"AXMI-CHIC-MANN. AXMI MC1, SGT1",TSWWCTY,3,0.3,6.6,0,0,2.7,MC,400kV,SWPEN,2022,31/07/2022,10/09/2022,42,119,160,0,261,PL,51.913
298,299,seq0034,,m,87,92,AXMI4M2,AXMINSTER-EXETER,TSWWCTY,1.1,0.1,3.4,0,0,2.1,MC,400kV,SWPEN,2022,04/07/2022,17/07/2022,14,92,105,0,298,PL,5
222,223,seq0036,009520-0A0700-O-0020,m,19,78,BARK11,BARKING GRID TRANSFORMER 1B,TLNEAST,1.1,0,4.7,0,0,1.7,SGT,132kV,UKPN-EPN,2022,20/06/2022,12/08/2022,54,78,131,0,223,PL,604.85
251,252,seq0044,,m,53,1,BARK41,BARKING GRID TRANSFORMER 4B,TLNEAST,0.6,0,2.6,0,0,0.9,SGT,132kV,UKPN-EPN,2022,04/04/2022,08/05/2022,35,1,35,0,252,PL,123.137
406,407,seq0046,,a,90,,BARKH1,BARKING SGT 1A/1B BAY,TLNEAST,1,0,3.3,0,0,1.4,SGT,275kV,UKPN-EPN,2022,26/07/2022,29/08/2022,35,114,148,204,204,PL,2.313
252,253,seq0047,,m,54,169,BARKH2,BARKING SGT 2A/2B BAY,TLNEAST,1.3,0,2.6,0,0,0.9,SGT,275kV,UKPN-EPN,2022,19/09/2022,23/10/2022,35,169,203,0,253,PL,116.941
407,408,seq0048,,a,90,,BARKH3,BARKING SGT 3A/3B BAY,TLNEAST,1.5,0,3.9,0,0,1.8,SGT,275kV,UKPN-EPN,2022,04/04/2022,04/04/2022,35,0,0,0,0,UP,2.284
203,204,seq0049,,m,6,1,BARKH4,BARKING SGT 4A/4B BAY,TLNEAST,0.9,0,0.8,0,0,1.1,SGT,275kV,UKPN-EPN,2022,04/04/2022,24/07/2022,112,1,112,0,204,PL,1918.58
9,10,seq0052,032228-032228-O-00160,m,0,99,BARKX20-A,BARK - WEST THURR - N/FLEET EAST 2 SGT2,TLNEAST,0,0,0,0,0,0,Circuit,400kV,CLONDIMP,2022,11/07/2022,07/08/2022,28,99,126,0,10,PL,0
332,333,seq0053,,m,91,36,BARKX51,BARKING- SGT 5,TLNEAST,2.1,0,3.4,0,0,2.1,SGT,400kV,UKPN-EPN,2022,09/05/2022,22/05/2022,14,36,49,0,330,PL,2
10,11,seq0059,101113-202214-O-0002,m,0,71,BESW2A2,"BERKSWELL MC2, MSC2, SGT2. COVENTRY MC2",TCNWARW,0,0,0,0,0,0,MC,275kV,WMIDIMP,2022,13/06/2022,18/07/2022,36,71,106,0,11,PL,0
278,279,seq0060,,m,78,71,BESW2A2,"BERKSWELL MC2, MSC2, SGT2. COVENTRY MC2",TCNWARW,0.7,0.1,2.1,0,0,1.2,MC,275kV,WMIDIMP,2022,13/06/2022,22/07/2022,40,71,110,0,279,PL,12
12,13,seq0062,032228-032228-O-00138,m,0,211,BESW2M1,BERKSWELL SGT1 - MC1 - FECKENHAM - MSC1,TCNWARW,0,0,0,0,0,0,MC,275kV,WMIDIMP,2022,31/10/2022,20/11/2022,21,211,231,0,13,PL,0
30,31,seq0064,033288-033288-O-0017,m,0,165,BICF4,,TNETVAL,0,0,0,0,0,0,Circuit,400kV,UPFLSTH,2022,15/09/2022,15/09/2022,1,165,165,0,31,PL,0
29,30,seq0065,033288-033288-O-0019,m,0,176,BICF4,,TNETVAL,0,0,0,0,0,0,Circuit,400kV,UPFLSTH,2022,26/09/2022,28/09/2022,3,176,178,0,30,PL,0
28,29,seq0066,033288-033288-O-0020,m,0,176,BICF4,,TNETVAL,0,0,0,0,0,0,Circuit,400kV,UPFLSTH,2022,26/09/2022,02/10/2022,7,176,182,0,29,PL,0
27,28,seq0067,033288-033288-O-0013,m,0,15,BICF4,,TNETVAL,0,0,0,0,0,0,Circuit,400kV,UPFLSTH,2022,18/04/2022,24/04/2022,7,15,21,0,28,PL,0
26,27,seq0068,033288-033288-O-0011,m,0,1,BICF4,,TNETVAL,0,0,0,0,0,0,Circuit,400kV,UPFLSTH,2022,04/04/2022,17/04/2022,14,1,14,0,27,PL,0
32,33,seq0069,MC DAR,m,0,29,BIRK2M2,"BIRKENHEAD-CAPENHURST 1 & BIRK MC2,S20",TNWCHIR,0,0,0,0,0,0,MC,275kV,NORTH WEST,2022,02/05/2022,13/05/2022,12,29,40,0,33,PL,0
347,348,seq0070,MC DAR,m,92,15,BIRK2M3,BIRKENHEAD-CAPEN 2  BIRK S30 MC3 SGT3,TNWCHIR,1,0,0,0,0,0,MC,275kV,NORTH WEST,2022,18/04/2022,29/04/2022,12,15,26,0,344,PL,1
348,349,seq0071,,m,92,1,BIRK2M4,BIRKENHEAD-L/DRIVE BIRK.S10  MC4  SGT4,TNWCHIR,1.2,0,0,0,0,0,MC,275kV,MERSCON,2022,04/04/2022,13/04/2022,10,1,10,0,345,PL,1
33,34,seq0072,MC DAR,m,0,1,BIRK2M4,BIRKENHEAD-L/DRIVE BIRK.S10  MC4  SGT4,TNWCHIR,0,0,0,0,0,0,MC,275kV,MERSCON,2022,04/04/2022,15/04/2022,12,1,12,0,34,PL,0
31,32,seq0073,100980-201964-O-0001,m,0,1,BIRK2L4,,TNWCHIR,0,0,0,0,0,0,Circuit,275kV,NORTH WEST,2022,04/04/2022,08/04/2022,5,1,5,0,32,PL,0
34,35,seq0074,032228-032228-O-00140,m,0,155,BISW2A2,BISHOPS WOOD MESH CORNER 2-PENN-SGT2,TCNWARW,0,0,0,0,0,0,MC,275kV,WMIDIMP,2022,05/09/2022,02/10/2022,28,155,182,0,35,PL,0
35,36,seq0075,032228-032228-O-00139,m,0,183,BISW2M3,BISHOPS WOOD MESH CORNER3-FECKENHAM-SGT3,TCNWARW,0,0,0,0,0,0,MC,275kV,WMIDIMP,2022,03/10/2022,23/10/2022,21,183,203,0,36,PL,0
333,334,seq0077,,m,91,1,BLYTH2,BLYTH - ALCAN - LINTON 2,TNEBORD,1.3,0,0,0,0,0,SGT,275kV,NPG,2022,04/04/2022,22/04/2022,19,1,19,0,331,PL,2
349,350,seq0080,,m,92,36,BOLNX11,BOLNEY SGT1,TSEESUX,0.9,0,0,0,0,0,SGT,400kV,UKPN-SPN,2022,09/05/2022,22/05/2022,14,36,49,0,346,PL,1
258,259,seq0082,,m,64,1,BOLNX41,BOLNEY SGT4,TSEESUX,0.6,0,2.6,0,0,0.9,SGT,400kV,UKPN-SPN,2022,04/04/2022,08/05/2022,35,1,35,0,259,PL,67.72
350,351,seq0083,,m,92,50,BOLNX51,BOLNEY 400/ 132 KV SGT5,TSEESUX,0.9,0,0,0,0,0,SGT,400kV,UKPN-SPN,2022,23/05/2022,05/06/2022,14,50,63,0,347,PL,1
351,352,seq0084,MC DAR,m,92,71,BOTW4M1,BOTLEY WOOD-LOVEDEAN,TSESOLT,1.2,0,0,0,0,0,MC,400kV,SWPEN,2022,13/06/2022,22/06/2022,10,71,80,0,348,PL,1
352,353,seq0085,MC DAR,m,92,81,BOTW4M2,,TSESOLT,1.2,0,0,0,0,0,MC,400kV,SWPEN,2022,23/06/2022,02/07/2022,10,81,90,0,349,PL,1
312,313,seq0087,,m,89,64,BRAW2A2,BRADFORD WEST - ELLAND,TNELEDS,2.2,0,4.4,0,0,2.8,MC,275kV,NATYORK,2022,03/04/2022,03/04/2022,14,0,0,0,0,UP,3
314,315,seq0088,,m,89,211,BRAW2A3,BRADFORD WEST - PADIHAM,TNELEDS,0.1,0,1.4,0,0,0.9,MC,275kV,NATYORK,2022,31/10/2022,13/11/2022,14,211,224,0,313,PL,2
313,314,seq0089,,m,89,211,BRAW2A3,BRADFORD WEST - PADIHAM,TNWMANN,0.9,0,0,0,0,0,MC,275kV,NATYORK,2022,31/10/2022,13/11/2022,14,211,224,0,312,PL,1
353,354,seq0091,MC DAR,m,92,29,BRED2A1,BRED-SMAN BRED MC1 SGT1 SMAN MC3 SGT3,TNWMANS,1,0,0,0,0,0,MC,275kV,MERSCON,2022,02/05/2022,13/05/2022,12,29,40,0,350,PL,1
36,37,seq0092,100248-201131-O-0002,m,0,205,BRED2A2,,TNWMANS,0,0,0,0,0,0,MC,275kV,MERSCON,2022,25/10/2022,28/10/2022,4,205,208,0,37,PL,0
291,292,seq0093,032228-032228-O-00146,m,86,225,BRED2M3,BREDBURY-STALYBRIDGE  BRED MC3 S30 SGT3,TNWMANS,0,0,0,0,0,0,MC,275kV,NATYORK,2022,14/11/2022,18/12/2022,35,225,259,0,292,PL,0
37,38,seq0094,100248-201131-O-0003,m,0,120,BRED2H2,,TNWMANS,0,0,0,0,0,0,SGT,275kV,MERSCON,2022,01/08/2022,28/10/2022,89,120,208,0,38,PL,0
38,39,seq0099,032473-032473-O-0006,m,0,120,BRFO4M1,BRAMFORD-NORWICH MAIN,TCNSANG,0,0,0,0,0,0,MC,400kV,FLOWSTH,2022,01/08/2022,21/08/2022,21,120,140,0,39,PL,0
41,42,seq0100,032473-032473-O-0001,m,0,23,BRFO4M1-A,BRAMFORD-NORWICH 2 400KV CCT BRFO MC1,TCNSANG,0,0,0,0,0,0,MC,400kV,FLOWSTH,2022,26/04/2022,17/05/2022,22,23,44,0,42,PL,0
40,41,seq0101,032473-032473-O-0004,m,0,80,BRFO4M1-A,BRAMFORD-NORWICH 2 400KV CCT BRFO MC1,TCNSANG,0,0,0,0,0,0,MC,400kV,FLOWSTH,2022,22/06/2022,31/07/2022,40,80,119,0,41,PL,0
39,40,seq0102,032473-032473-O-0005,m,0,120,BRFO4M1-A,BRAMFORD-NORWICH 2 400KV CCT BRFO MC1,TCNSANG,0,0,0,0,0,0,MC,400kV,FLOWSTH,2022,01/08/2022,21/08/2022,21,120,140,0,40,PL,0
42,43,seq0106,BRFO Transfer Scheme,m,0,82,BRFO4M3-A,BRAMFORD MESH CORNER 3 SGT3 AND I/C 3,TCNSANG,0,0,0,0,0,0,MC,400kV,UKPN-EPN,2022,24/06/2022,17/11/2022,147,82,228,0,43,PL,0
43,44,seq0107,BRFO Transfer Scheme,m,0,82,BRFO4M4,BRAMFORD-SIZEWELL 1,TCNSANG,0,0,0,0,0,0,MC,400kV,FLOWSTH,2022,24/06/2022,03/11/2022,133,82,214,0,44,PL,0
46,47,seq0109,032473-032473-O-0002,m,0,23,BRFOX10,,TCNSANG,0,0,0,0,0,0,Circuit,400kV,FLOWSTH,2022,26/04/2022,17/05/2022,22,23,44,0,47,PL,0
45,46,seq0110,032473-032473-O-0003,m,0,80,BRFOX10,,TCNSANG,0,0,0,0,0,0,Circuit,400kV,FLOWSTH,2022,22/06/2022,31/07/2022,40,80,119,0,46,PL,0
47,48,seq0111,BRFO Transfer Scheme,m,0,233,BRFOX41,BRAMFORD 400/132KV SGT4,TCNSANG,0,0,0,0,0,0,SGT,400kV,UKPN-EPN,2022,22/11/2022,04/12/2022,13,233,245,0,48,PL,0
48,49,seq0112,032228-032228-O-00159,m,0,36,BRFOX50,BRAMFORD - SIZEWELL NO. 4 CCT,TCNSANG,0,0,0,0,0,0,Circuit,400kV,FLOWSTH,2022,09/05/2022,05/06/2022,28,36,63,0,49,PL,0
49,50,seq0113,033663-200195-O-0022,m,0,113,BRIML2,,TLNNEST,0,0,0,0,0,0,Circuit,275kV,SHRIMP,2022,25/07/2022,29/07/2022,5,113,117,0,50,PL,0
50,51,seq0114,033663-200195-O-0026,m,0,141,BRIML3,,TLNNEST,0,0,0,0,0,0,Circuit,275kV,SHRIMP,2022,22/08/2022,26/08/2022,5,141,145,0,51,PL,0
51,52,seq0115,033663-200195-O-0027,m,0,149,BRIML4,,TLNNEST,0,0,0,0,0,0,Circuit,275kV,SHRIMP,2022,30/08/2022,03/09/2022,5,149,153,0,52,PL,0
215,216,seq0116,101116-202217-O-0001,m,15,121,BRINL4,BRINSWORTH - TINSLEY PARK 1,OHNE,0,0,0,5.4,1.1,0,Circuit,275kV,SHRIMP,2022,02/08/2022,12/09/2022,42,121,162,0,216,PL,119.78
214,215,seq0117,101116-202217-O-0001,m,15,121,BRINL4,BRINSWORTH - TINSLEY PARK 1,TNESHEF,2.2,0.3,7.5,0,0,2.7,Circuit,275kV,SHRIMP,2022,02/08/2022,12/09/2022,42,121,162,0,215,PL,631.847
217,218,seq0118,101116-202217-O-0002,m,16,170,BRINL6,BRINSWORTH - TINSLEY PARK 2,OHNE,0,0,0,5.4,1.1,0,Circuit,275kV,SHRIMP,2022,20/09/2022,31/10/2022,42,170,211,0,218,PL,119.78
216,217,seq0119,101116-202217-O-0002,m,16,170,BRINL6,BRINSWORTH - TINSLEY PARK 2,TNESHEF,2,0,7.5,0,0,2,Circuit,275kV,SHRIMP,2022,20/09/2022,31/10/2022,42,170,211,0,217,PL,591.211
354,355,seq0125,,m,92,29,BRLEX60,BRAMLEY-MELKSHAM 2,TSWSEVN,1.1,0,1.7,0,0,1.1,Circuit,400kV,ADJACENT CIRCUITS - SWALEX,2022,02/05/2022,15/05/2022,14,29,42,0,351,PL,1
52,53,seq0126,033172-033172-O-0035,m,0,29,BRLEX60,BRAMLEY-MELKSHAM 2,TSWSEVN,0,0,0,0,0,0,Circuit,400kV,ADJACENT CIRCUITS - SWALEX,2022,02/05/2022,22/05/2022,21,29,49,0,53,PL,0
293,294,seq0127,,m,86,149,BRLEX70,BRAMLEY-WEST WEYBRIDGE 2,TLNWEST,2,0,6.3,0,0,2,Circuit,400kV,ADJACENT CIRCUITS - SEIMPPR,2022,30/08/2022,17/09/2022,19,149,167,0,294,PL,5
292,293,seq0128,,m,86,149,BRLEX70,BRAMLEY-WEST WEYBRIDGE 2,TSWCHIL,1,0,1.3,0,0,1,Circuit,400kV,ADJACENT CIRCUITS - SEIMPPR,2022,30/08/2022,17/09/2022,19,149,167,0,293,PL,1
355,356,seq0129,,m,92,50,BRLEX80,BRAMLEY-MELKSHAM 1,TSWCHIL,1.6,0,0,0,0,0,Circuit,400kV,ADJACENT CIRCUITS - SWALEX,2022,23/05/2022,12/06/2022,21,50,70,0,352,PL,1
53,54,seq0130,033172-033172-O-0034,m,0,50,BRLEX80,BRAMLEY-MELKSHAM 1,TSWCHIL,0,0,0,0,0,0,Circuit,400kV,ADJACENT CIRCUITS - SWALEX,2022,23/05/2022,19/06/2022,28,50,77,0,54,PL,0
356,357,seq0132,,m,92,42,BRWAH1,BRIDGWATER-HINKLEY POINT 1,TSWWCTY,1.6,0,0,0,0,0,SGT,275kV,ADJACENT CIRCUITS - SWALEX,2022,15/05/2022,04/06/2022,21,42,62,0,353,PL,1
299,300,seq0133,100436-200984-O-0002,m,87,204,BURW4M1-A,"BURWELL 400KV MC1, X120 & WALPOLE 1 CCT",TCNNANG,0.6,0,1.4,0,0,0.8,MC,400kV,FLOWSTH,2022,24/10/2022,18/11/2022,26,204,229,0,299,PL,3
300,301,seq0134,100436-200984-O-0002,m,87,204,BURW4M1-A,"BURWELL 400KV MC1, X120 & WALPOLE 1 CCT",TCNSANG,1,0,0.9,0,0,0.6,MC,400kV,FLOWSTH,2022,24/10/2022,18/11/2022,26,204,229,0,300,PL,2
54,55,seq0135,100630-201300-O-0003,m,0,358,BURW4M3,BURWELL MC3,TCNSANG,0,0,0,0,0,0,MC,400kV,FLOWSTH,2022,27/03/2023,12/05/2023,47,358,404,0,55,PL,0
272,273,seq0136,100436-200984-O-0001,m,75,148,BURW4M4,BURWELL MC4,TCNSANG,0.5,0,1.6,0,0,0.9,MC,400kV,FLOWSTH,2022,29/08/2022,21/10/2022,54,148,201,0,273,PL,12
271,272,seq0137,100436-200984-O-0001,m,75,148,BURW4M4,BURWELL MC4,TCNWANG,0,0,0.2,0,0,0.1,MC,400kV,FLOWSTH,2022,29/08/2022,21/10/2022,54,148,201,0,272,PL,2
247,248,seq0141,100670-201370-O-0005,m,40,1,BUSTH2,BUSTLEHOLM SGT2,TCNSTAF,0.6,0,2.2,0,0,0.7,SGT,275kV,WPD,2022,04/04/2022,27/05/2022,54,1,54,0,248,PL,162.884
357,358,seq0142,,m,92,43,CAPE710,,TNWCHIR,1.8,0,0,0,0,0,Circuit,132kV,Missing Boundary,2022,16/05/2022,03/06/2022,19,43,61,0,354,PL,1
358,359,seq0143,,m,92,22,CAPE81,,TNWCHIR,1.8,0,0,0,0,0,SGT,132kV,Missing Boundary,2022,25/04/2022,13/05/2022,19,22,40,0,355,PL,1
359,360,seq0144,,m,92,1,CAPE91,,TNWCHIR,1.8,0,0,0,0,0,SGT,132kV,Missing Boundary,2022,04/04/2022,22/04/2022,19,1,19,0,356,PL,1
360,361,seq0145,,m,92,1,CAPEH1,CAPENHURST SGT1A/ CAPE D9,TNWCHIR,1.1,0,1.7,0,0,1.1,SGT,275kV,SPE,2022,04/04/2022,17/04/2022,14,1,14,0,357,PL,1
361,362,seq0146,MC DAR,m,92,43,CAPEX10-A,CAPENHURST - CONNAH'S QUAY 1 400KV CCT,TNWCHIR,1,0,0,0,0,0,Circuit,400kV,NORTH WEST,2022,16/05/2022,27/05/2022,12,43,54,0,358,PL,1
362,363,seq0147,MC DAR,m,92,57,CAPEX6B,CAPENHURST-CONNAHS QUAY-FRODSHAM 2 400KV,TNWCHIR,1,0,0,0,0,0,Circuit,400kV,SPE,2022,30/05/2022,10/06/2022,12,57,68,0,359,PL,1
363,364,seq0148,MC DAR,m,92,95,CARE2A2,ABERTHAW - CARDIFF EAST- PYLE CCT & MCS,TSWSWAE,1.2,0,0,0,0,0,MC,275kV,COWPATEX,2022,07/07/2022,16/07/2022,10,95,104,0,360,PL,1
364,365,seq0149,MC DAR,m,92,85,CARE2M1-A,"CARE - USKM - WHSO 275KV, CARE MC1, SGT3",TSWSWAE,1.2,0,0,0,0,0,MC,275kV,COWPATEX,2022,27/06/2022,06/07/2022,10,85,94,0,361,PL,1
264,265,seq0154,,m,71,211,CARRH1,CARRINGTON SGT1A/SGT1B,TNWMANS,0.1,0.3,3.6,0,0,0.8,SGT,275kV,ENW,2022,31/10/2022,11/12/2022,42,211,252,0,265,PL,37.575
57,58,seq0161,032228-032228-O-00136,m,0,29,CELLX10,CELLARHEAD-DRAKELOW 2,TNWMANS,0,0,0,0,0,0,Circuit,400kV,WMIDIMP,2022,02/05/2022,15/05/2022,14,29,42,0,58,PL,0
315,316,seq0162,,m,89,57,CELLX11,CELLARHEAD SGT1 & STATIC CAPACITOR 1,TNWMANS,2.8,0,1.7,0,0,1.1,SGT,400kV,SPE,2022,30/05/2022,12/06/2022,14,57,70,0,314,PL,3
365,366,seq0163,,m,92,43,CELLX21,CELLARHEAD SGT2 & REACTOR,TNWMANS,0.9,0,0,0,0,0,SGT,400kV,SPE,2022,16/05/2022,29/05/2022,14,43,56,0,362,PL,1
273,274,seq0164,,m,76,176,CELLX30,CELLARHEAD-DAINES,TNWMANS,0.6,0.1,4.1,0,0,2.5,Circuit,400kV,UPFLSTH,2022,26/09/2022,30/10/2022,35,176,210,0,274,PL,13
366,367,seq0165,,m,92,71,CELLX31,CELLARHEAD SGT3 & REACTOR,TNWMANS,0.9,0,0,0,0,0,SGT,400kV,SPE,2022,13/06/2022,26/06/2022,14,71,84,0,363,PL,1
262,263,seq0167,033495-033495-O-0021,m,69,43,CHIC4M1,CHICKERELL-EXETER,TSWWCTY,1.5,0.5,7.5,0,0,2.3,MC,400kV,SWPEN,2022,16/05/2022,10/06/2022,26,43,68,0,263,PL,46.434
395,396,seq0168,,a,29,,CHSI2M1,CHESSINGTON-WEST WEYBRIDGE 1,TLNWEST,2.9,0,4.6,0,0,2.2,MC,275kV,SLONDIMP,2022,04/04/2022,04/04/2022,35,0,0,0,0,UP,337.823
401,402,seq0169,,a,87,,CHSI2M2,BEDDINGTON-CHESSINGTON 2,TLNSOTH,2.3,0,1.1,0,0,0.7,MC,275kV,SEIMPPR,2022,04/04/2022,04/04/2022,21,0,0,0,0,UP,2
402,403,seq0170,,a,87,,CHSI2M2,BEDDINGTON-CHESSINGTON 2,TLNWEST,0.8,0,2.5,0,0,1.5,MC,275kV,SEIMPPR,2022,04/04/2022,04/04/2022,21,0,0,0,0,UP,3
58,59,seq0171,033602-033602-O-0009,m,0,8,CHSI2M4,BEDDINGTON-CHESSINGTON 1,TLNWEST,0,0,0,0,0,0,MC,275kV,SEIMPPR,2022,11/04/2022,15/04/2022,5,8,12,0,59,PL,0
59,60,seq0172,033602-033602-O-0011,m,0,134,CHSI2M4,BEDDINGTON-CHESSINGTON 1,TLNWEST,0,0,0,0,0,0,MC,275kV,SEIMPPR,2022,15/08/2022,26/08/2022,12,134,145,0,60,PL,0
206,207,seq0173,,m,9,120,CHSI2M4,BEDDINGTON-CHESSINGTON 1,TLNSOTH,0.6,0,0.9,0,0,0.6,MC,275kV,SEIMPPR,2022,01/08/2022,26/08/2022,26,120,145,0,207,PL,1
207,208,seq0174,,m,9,120,CHSI2M4,BEDDINGTON-CHESSINGTON 1,TLNWEST,1,0,3.7,0,0,1,MC,275kV,SEIMPPR,2022,01/08/2022,26/08/2022,26,120,145,0,208,PL,1163.279
61,62,seq0176,100774-201568-O-0005,m,0,54,CILFX50-A,CILFYNYDD-SWANSEA NORTH 1 400KV CIRCUIT,TSWSWAE,0,0,0,0,0,0,Circuit,400kV,SWALEX,2022,27/05/2022,30/05/2022,4,54,57,0,62,PL,0
334,335,seq0177,,m,91,54,CILFX50-A,CILFYNYDD-SWANSEA NORTH 1 400KV CIRCUIT,TSWSWAE,2.3,0,1.1,0,0,0.7,Circuit,400kV,SWALEX,2022,27/05/2022,16/06/2022,21,54,74,0,332,PL,2
210,211,seq0178,032708-032708-O-0001,m,11,148,CITR4M3,"CITY ROAD MC3, SGT3 & SECT 5 INTERCONNEC",TLNCETL,0.4,0.1,1.2,0,0,1,MC,400kV,UKPN-LPN,2022,29/08/2022,04/01/2023,129,148,276,0,211,PL,1064.037
367,368,seq0179,,m,92,36,CITRX51,SGT5,TLNCETL,0.9,0,0,0,0,0,SGT,400kV,UKPN-LPN,2022,09/05/2022,22/05/2022,14,36,49,0,364,PL,1
64,65,seq0184,011004-0P9520-O-0046,m,0,307,COTTX10-C,COTTAM - EATON SOCON - RYHALL 400KV CCT,OHNE,0,0,0,0,0,0,Circuit,400kV,FLOWSTH,2022,04/02/2023,05/02/2023,2,307,308,0,65,PL,0
199,200,seq0185,011004-0P9520-O-0024,m,1,1,COTTX10-C,COTTAM - EATON SOCON - RYHALL 400KV CCT,OHNE,0.2,0,0,0,3.7,0,Circuit,400kV,FLOWSTH,2022,04/04/2022,02/06/2022,60,1,60,0,200,PL,9468.115
335,336,seq0189,,m,91,344,COTTX30-A,COTTAM - WEST BURTON 400KV CIRCUIT,TNETVAL,2.1,0,3.4,0,0,2.1,Circuit,400kV,HUMBUREX,2022,13/03/2023,26/03/2023,14,344,357,0,333,PL,2
155,156,seq0193,011004-0P9520-O-0026,m,0,64,RYHAX30,,TNETVAL,0,0,0,0,0,0,Circuit,400kV,FLOWSTH,2022,06/06/2022,22/07/2022,47,64,110,0,156,PL,0
11,12,seq0195,100652-201147-O-0002,m,0,206,BESW2A2,"BERKSWELL MC2, MSC2, SGT2. COVENTRY MC2",TCNWARW,0,0,0,0,0,0,MC,275kV,WMIDIMP,2022,26/10/2022,28/10/2022,3,206,208,0,12,PL,0
282,283,seq0196,,m,79,316,COVE2A4-A,"COVENTRY-NECHELLS 275KV CCT.COVE MC4,S30",TCNSTAF,0.8,0,2.6,0,0,1.6,MC,275kV,WMIDIMP,2022,13/02/2023,26/03/2023,42,316,357,0,283,PL,1
281,282,seq0197,,m,79,316,COVE2A4-A,"COVENTRY-NECHELLS 275KV CCT.COVE MC4,S30",TCNWARW,1.5,0,0.6,0,0,0.4,MC,275kV,WMIDIMP,2022,13/02/2023,26/03/2023,42,316,357,0,282,PL,0
66,67,seq0198,100652-201147-O-0003,m,0,22,COVE2H2,,TCNWARW,0,0,0,0,0,0,SGT,275kV,WPD,2022,25/04/2022,03/06/2022,40,22,61,0,67,PL,0
67,68,seq0199,032228-032228-O-00172,m,0,232,COVE2M1,,TCNWARW,0,0,0,0,0,0,MC,275kV,WMIDIMP,2022,21/11/2022,04/12/2022,14,232,245,0,68,PL,8
389,390,seq0202,032228-032228-O-00167,m,92,181,WALH4M2,,TSWCHIL,1.2,0,0,0,0,0,MC,400kV,SWALEX,2022,01/10/2022,28/10/2022,28,181,208,0,386,PL,3
226,227,seq0203,100463-201032-O-0001,m,20,43,COWLX40,COWLEY-CULHAM JET-DIDCOT,OHSW,0,0,0,0,0.6,0,Circuit,400kV,ADJACENT CIRCUITS - SWALEX,2022,16/05/2022,24/06/2022,40,43,82,0,227,PL,0
225,226,seq0204,100463-201032-O-0003,m,20,1,COWLX40,COWLEY-CULHAM JET-DIDCOT,TSWCHIL,1.2,0,0.6,0,0,0.4,Circuit,400kV,ADJACENT CIRCUITS - SWALEX,2022,04/04/2022,13/05/2022,40,1,40,0,226,PL,0
69,70,seq0205,100641-201316-O-0001,m,0,181,COWLX41,COWLEY SGT4,TSWCHIL,0,0,0,0,0,0,SGT,400kV,SSE,2022,01/10/2022,30/10/2022,30,181,210,0,70,PL,1
122,123,seq0206,101110-202211-O-0001,m,0,141,MITY4M2,,TSWSEVN,0,0,0,0,0,0,MC,400kV,ADJACENT CIRCUITS - SWALEX,2022,22/08/2022,30/09/2022,40,141,180,0,123,PL,565.079
209,210,seq0207,100463-201032-O-0002,m,10,43,COWLX60,COWLEY-DIDCOT,OHSW,0,0,0,0,0.6,0,Circuit,400kV,ADJACENT CIRCUITS - SWALEX,2022,16/05/2022,24/06/2022,40,43,82,0,210,PL,2
71,72,seq0211,033172-033172-O-0037,m,0,1,CREBX20,CREYKE BECK - HUMBER REFINERY - KEADBY,TNENHUM,0,0,0,0,0,0,Circuit,400kV,HUMBUREX,2022,04/04/2022,21/04/2022,18,1,18,0,72,PL,0
72,73,seq0212,100182-200479-O-0011,m,0,1,CREBX20,CREYKE BECK - HUMBER REFINERY - KEADBY,TNENHUM,0,0,0,0,0,0,Circuit,400kV,HUMBUREX,2022,04/04/2022,11/06/2022,69,1,69,0,73,PL,0
73,74,seq0213,031569-031569-O-0008,m,0,1,CREBX20,CREYKE BECK - HUMBER REFINERY - KEADBY,TNENHUM,0,0,0,0,0,0,Circuit,400kV,HUMBUREX,2022,04/04/2022,12/06/2022,70,1,70,0,74,PL,1070.198
75,76,seq0215,033172-033172-O-0038,m,0,71,CREBX30,CREYKE BECK- KEADBY- KILLINGHOLME,TNENHUM,0,0,0,0,0,0,Circuit,400kV,HUMBUREX,2022,13/06/2022,26/06/2022,14,71,84,0,76,PL,0
76,77,seq0216,100182-200479-O-0012,m,0,71,CREBX30,CREYKE BECK- KEADBY- KILLINGHOLME,TNENHUM,0,0,0,0,0,0,Circuit,400kV,HUMBUREX,2022,13/06/2022,20/08/2022,69,71,139,0,77,PL,0
77,78,seq0217,031569-031569-O-0009,m,0,71,CREBX30,CREYKE BECK- KEADBY- KILLINGHOLME,TNENHUM,0,0,0,0,0,0,Circuit,400kV,HUMBUREX,2022,13/06/2022,21/08/2022,70,71,140,0,78,PL,0
305,306,seq0218,,m,88,141,CREBX51-A,CREYKE BECK - HEDON 275KV CIRCUIT,TNENHUM,2,0,3.7,0,0,2,SGT,400kV,HUMBUREX,2022,22/08/2022,16/09/2022,26,141,166,0,305,PL,0
295,296,seq0221,032228-032228-O-00142,m,86,120,MACC4M4,,TNWMANS,0,0,0,0,0,0,MC,400kV,NORTH WEST,2022,01/08/2022,23/09/2022,54,120,173,0,296,PL,0
307,308,seq0225,,m,88,183,DRAKX20,DRAKELOW-HAMS HALL,TCNDERB,0,0.1,2.4,0,0,1.4,Circuit,400kV,WMIDIMP,2022,03/10/2022,07/10/2022,5,183,187,0,307,PL,0
306,307,seq0226,,m,88,183,DRAKX20,DRAKELOW-HAMS HALL,TCNWARW,0,0.1,2.4,0,0,1.4,Circuit,400kV,WMIDIMP,2022,03/10/2022,07/10/2022,5,183,187,0,306,PL,4
294,295,seq0227,032228-032228-O-00137,m,86,183,DRAKX20,DRAKELOW-HAMS HALL,TCNWARW,0,0,0,0,0,0,Circuit,400kV,WMIDIMP,2022,03/10/2022,20/11/2022,49,183,231,0,295,PL,0
336,337,seq0234,,m,91,198,DRAXX20,DRAX - THORNTON 2,TNENHUM,0,0.1,2.4,0,0,1.4,Circuit,400kV,NATYORK,2022,18/10/2022,22/10/2022,5,198,202,0,334,PL,2
78,79,seq0238,033172-033172-O-0032,m,0,43,DUNGX20-A,DUNGENESS - NINFIELD 2 400KV CIRCUIT,TSEESUX,0,0,0,0,0,0,Circuit,400kV,ESTEX,2022,16/05/2022,12/06/2022,28,43,70,0,79,PL,2
290,291,seq0239,,m,85,1,DUNGX21,DUNGENESS-SGT2,TSEESUX,0.5,0.3,4.1,0,0,1.2,SGT,400kV,UKPN-EPN,2022,04/04/2022,15/05/2022,42,1,42,0,291,PL,0
337,338,seq0240,,m,91,162,DUNGX30,DUNGENESS - NINFIELD 1,TSEESUX,2.3,0,1.1,0,0,0.7,Circuit,400kV,ESTEX,2022,12/09/2022,02/10/2022,21,162,182,0,335,PL,2
248,249,seq0242,,m,44,176,EALI2A4,EALING-LALEHAM 2,TLNWEST,1.3,0,5.8,0,0,2.7,MC,275kV,SEIMPPR,2022,26/09/2022,06/11/2022,42,176,217,0,249,PL,0
157,158,seq0244,011004-0P9520-O-0047,m,0,314,RYHAX30,,OHNE,0,0,0,0,0,0,Circuit,400kV,FLOWSTH,2022,11/02/2023,12/02/2023,2,314,315,0,158,PL,6.239
200,201,seq0245,,m,2,64,RYHAX30,,OHNE,0,0,0,0,1.3,0,Circuit,400kV,FLOWSTH,2022,06/06/2022,01/07/2022,26,64,89,0,201,PL,2
156,157,seq0246,011004-0P9520-O-0027,m,0,113,RYHAX30,,OHNE,0,0,0,0,0,0,Circuit,400kV,FLOWSTH,2022,25/07/2022,19/08/2022,26,113,138,0,157,PL,146.179
79,80,seq0247,011004-0P9520-O-0050,m,0,321,EASOX40,EATON SOCON-WYMONDLEY,TCNWANG,0,0,0,0,0,0,Circuit,400kV,FLOWSTH,2022,18/02/2023,19/02/2023,2,321,322,0,80,PL,0
338,339,seq0249,,m,91,113,ECLAX65,EAST CLAYDON SGT6,TSWCHIL,0,0.1,2.4,0,0,1.4,SGT,400kV,FLOWSTH,2022,25/07/2022,29/07/2022,5,113,117,0,336,PL,2
339,340,seq0250,,m,91,190,ECLAX70,EAST CLAYDON-SUNDON,TCNWANG,1.9,0,1.7,0,0,1.1,Circuit,400kV,FLOWSTH,2022,10/10/2022,23/10/2022,14,190,203,0,337,PL,2
233,234,seq0251,,m,28,288,EGGBX20,EGGBOROUGH - FERRYBRIDGE C,TNELEDS,1,0,4.5,0,0,1.8,Circuit,400kV,NATYORK,2022,16/01/2023,22/03/2023,66,288,353,0,234,PL,440.305
201,202,seq0254,,m,3,162,ELLA2M4,ELLAND - STALYBRIDGE,TNELEDS,1,0.3,5.1,0,0,1.9,MC,275kV,NATYORK,2022,12/09/2022,28/10/2022,47,162,208,0,202,PL,3921.121
368,369,seq0262,,m,92,337,ELSTX30,ELSTREE -ST JOHNS WOOD 400KV CCT AND ELS,TLNNWST,1.6,0,0,0,0,0,Circuit,400kV,CLONDIMP,2022,06/03/2023,26/03/2023,21,337,357,0,365,PL,1
80,81,seq0263,032228-032228-O-00170,m,0,43,ELSTX60-A,ELSTREE-SUNDON-BUSHEY 400KV 2 CIRCUIT,TLNNWST,0,0,0,0,0,0,Circuit,400kV,SEIMPPR,2022,16/05/2022,12/06/2022,28,43,70,0,81,PL,0
316,317,seq0274,,m,89,1,EXETX11,EXETER SGT1,TSWWCTY,1.6,0,1.8,0,0,1.2,SGT,400kV,WPD,2022,04/04/2022,29/04/2022,26,1,26,0,315,PL,3
82,83,seq0282,100362-200871-O-0008,m,0,58,FAWL40,,TSESOLT,0,0,0,0,0,0,Circuit,132kV,Missing Boundary,2022,31/05/2022,01/06/2022,2,58,59,0,83,PL,0
81,82,seq0283,100362-200871-O-0006,m,0,36,FAWL40,,TSESOLT,0,0,0,0,0,0,Circuit,132kV,Missing Boundary,2022,09/05/2022,18/05/2022,10,36,45,0,82,PL,0
301,302,seq0287,,m,87,88,FAWLX11,FAWLEY SGT1,TSESOLT,1.7,0,5.4,0,0,2.9,SGT,400kV,SSE,2022,30/06/2022,20/07/2022,21,88,108,0,301,PL,5
84,85,seq0288,100362-200871-O-0004,m,0,1,FAWLX20-A,FAWLEY - MARCHWOOD 400KV CIRCUIT,TSESOLT,0,0,0,0,0,0,Circuit,400kV,SWPEN,2022,04/04/2022,05/04/2022,2,1,2,0,85,PL,0
369,370,seq0289,,m,92,1,FAWLX20-A,FAWLEY - MARCHWOOD 400KV CIRCUIT,TSESOLT,1.1,0,1.7,0,0,1.1,Circuit,400kV,SWPEN,2022,04/04/2022,17/04/2022,14,1,14,0,366,PL,1
85,86,seq0295,032228-032228-O-00141,m,0,57,FECKX40,FECKENHAM-IRONBRIDGE,TCNWARW,0,0,0,0,0,0,Circuit,400kV,WMIDIMP,2022,30/05/2022,26/06/2022,28,57,84,0,86,PL,0
211,212,seq0296,033603-033603-O-0005,m,12,1,FECKX41,FECKENHAM SGT4,TCNWARW,1.7,0,1.1,0,0,2.4,SGT,400kV,WPD,2022,04/04/2022,27/05/2022,54,1,54,0,212,PL,967.947
160,161,seq0298,033172-033172-O-0039,m,0,1,SKLG2M4,,TNELEDS,0,0,0,0,0,0,MC,275kV,NATYORK,2022,04/04/2022,15/05/2022,42,1,42,0,161,PL,0
370,371,seq0302,,m,92,113,FFESL2,FFESTINIOG-TRAWSFYNYDD 2,TNWNWAL,0.9,0,0,0,0,0,Circuit,275kV,NORTH WEST,2022,25/07/2022,07/08/2022,14,113,126,0,367,PL,1
205,206,seq0303,,m,8,15,FIDFH1,F/FERRY SGT1/STN T1,TNWMERS,1.2,0,2.7,0,0,2,SGT,275kV,ENW,2022,18/04/2022,13/05/2022,26,15,40,0,206,PL,1507.607
202,203,seq0304,,m,5,1,FIDFH2,F/FERRY SGT2/STN T2,TNWMERS,0.7,0,0,0,0,1.4,SGT,275kV,ENW,2022,04/04/2022,17/04/2022,14,1,14,0,203,PL,1945.437
261,262,seq0305,,m,68,71,FIDFL4-A,FIDDLERS FERRY-FRODSHAM 2 FROD SGT3 & 7,TNWMERS,0.6,0,2.6,0,0,0.9,Circuit,275kV,MERSCON,2022,13/06/2022,17/07/2022,35,71,105,0,262,PL,46.884
340,341,seq0307,,m,91,43,FOURM2A2B,FOURSTONES - STELLA WEST 275KV CIRCUIT,TNEBORD,2,0,3.4,0,0,2,Circuit,275kV,HADRIAN,2022,16/05/2022,29/05/2022,14,43,56,0,338,PL,2
317,318,seq0310,,m,89,148,FRODX20,FRODSHAM 400 ROCKSAVAGE - ROCK SGT1 GEN1,TNWMERS,3,0,2.3,0,0,1.4,Circuit,400kV,MERSCON,2022,29/08/2022,18/09/2022,21,148,168,0,316,PL,3
86,87,seq0317,100182-200479-O-0016,m,0,1,GRAIX60,GRAIN- KINGSNORTH,TSENOKT,0,0,0,0,0,0,Circuit,400kV,ESTEX,2022,04/04/2022,30/04/2022,27,1,27,0,87,PL,0
263,264,seq0321,,m,70,134,GRENX10,GRENDON-SUNDON 2,TCNWANG,2.1,0,4.3,0,0,2.1,Circuit,400kV,FLOWSTH,2022,15/08/2022,21/09/2022,38,134,171,0,264,PL,42.116
265,266,seq0322,,m,72,120,GRENX31,GRENDON SGT3,TCNWANG,0.5,0.3,4.1,0,0,1.2,SGT,400kV,UKPN-EPN,2022,01/08/2022,11/09/2022,42,120,161,0,266,PL,34.074
371,372,seq0324,,m,92,57,GRSTAL1,GREYSTONES A - LACKENBY 1,TNETEES,1.1,0,1.7,0,0,1.1,Circuit,275kV,HADRIAN,2022,30/05/2022,12/06/2022,14,57,70,0,368,PL,1
246,247,seq0325,,m,39,1,GRSTBL13,GREYSTONES B - WILTON 3,TNETEES,0.4,0.3,3.6,0,0,0.8,Circuit,275kV,HADRIAN,2022,04/04/2022,15/05/2022,42,1,42,0,247,PL,164.405
341,342,seq0329,,m,91,43,HAMHX81,SGT 8,TCNWARW,2.1,0,3.4,0,0,2.1,SGT,400kV,WPD,2022,16/05/2022,29/05/2022,14,43,56,0,339,PL,2
204,205,seq0331,,m,7,1,HARK2M1,HARKER SGT9 MC1 S10,TNEBORD,0.8,0.3,5,0,0,1.8,MC,275kV,ENW,2022,04/04/2022,15/05/2022,42,1,42,0,205,PL,1779.795
237,238,seq0332,,m,31,43,HARK2M12,HARKER SGT 10 MC12 S120,TNEBORD,0.1,0.3,4.2,0,0,1.2,MC,275kV,ENW,2022,16/05/2022,26/06/2022,42,43,84,0,238,PL,283.953
87,88,seq0334,032228-032228-O-00144,m,0,113,HARKX40,HARKER GRETNA 400KV CIRCUIT,TNEBORD,0,0,0,0,0,0,Circuit,400kV,HADRIAN,2022,25/07/2022,07/08/2022,14,113,126,0,88,PL,0
213,214,seq0336,100826-201666-O-0003,m,14,85,HAWP2M4,HAWTHORN PIT - NORTON 400KV,OHNE,0,0,0,14.5,2.9,0,MC,275kV,HADRIAN,2022,27/06/2022,14/08/2022,49,85,133,0,214,PL,843.134
88,89,seq0339,101061-202132-O-0001,m,0,155,HEYSX11,HEYSHAM SGT1,TNWLANS,0,0,0,0,0,0,SGT,400kV,ENW,2022,05/09/2022,14/09/2022,10,155,164,0,89,PL,0
308,309,seq0340,101061-202132-O-0002,m,88,176,HEYSX21,HEYSHAM SGT2,TNWLANS,2.2,0,2.8,0,0,1.8,SGT,400kV,ENW,2022,26/09/2022,14/10/2022,19,176,194,0,308,PL,4
89,90,seq0341,101061-202132-O-0003,m,0,197,HEYSX31,HEYSHAM 400KV SGT3,TNWLANS,0,0,0,0,0,0,SGT,400kV,ENW,2022,17/10/2022,26/10/2022,10,197,206,0,90,PL,0
90,91,seq0343,020832-020832-O-0007,m,0,257,HINPH1,,TSWWCTY,0,0,0,0,0,0,SGT,275kV,WPD,2022,16/12/2022,20/12/2022,5,257,261,0,91,PL,0
92,93,seq0344,100182-200479-O-0008,m,0,85,HINPX20,HINKLEY POINT-MELKSHAM 2,TSWWCTY,0,0,0,0,0,0,Circuit,400kV,ADJACENT CIRCUITS - SWALEX,2022,27/06/2022,15/07/2022,19,85,103,0,93,PL,0
93,94,seq0345,020897-020897-O-0035,m,0,190,HINPX20,HINKLEY POINT-MELKSHAM 2,TSWWCTY,0,0,0,0,0,0,Circuit,400kV,ADJACENT CIRCUITS - SWALEX,2022,10/10/2022,28/10/2022,19,190,208,0,94,PL,0
94,95,seq0346,100182-200479-O-0006,m,0,106,HINPX30,HINKLEY POINT-MELKSHAM 1,TSWWCTY,0,0,0,0,0,0,Circuit,400kV,ADJACENT CIRCUITS - SWALEX,2022,18/07/2022,07/10/2022,82,106,187,0,95,PL,0
95,96,seq0347,021535-021535-O-0001,m,0,106,HINPX30,HINKLEY POINT-MELKSHAM 1,TSWWCTY,0,0,0,0,0,0,Circuit,400kV,ADJACENT CIRCUITS - SWALEX,2022,18/07/2022,07/10/2022,82,106,187,0,96,PL,0
96,97,seq0348,032228-032228-O-00168,m,0,1,HINPX40,HINKLEY POINT-TAUNTON 1 400KV OHL CCT,TSWWCTY,0,0,0,0,0,0,Circuit,400kV,SCOAST,2022,04/04/2022,24/04/2022,21,1,21,0,97,PL,0
372,373,seq0349,020832-020832-O-0006,m,92,1,HINPX40,HINKLEY POINT-TAUNTON 1 400KV OHL CCT,TSWWCTY,0.4,0,0.6,0,0,0.4,Circuit,400kV,SCOAST,2022,04/04/2022,13/05/2022,40,1,40,0,369,PL,1
212,213,seq0350,,m,13,99,HURS2A2,HURST-NEW CROSS 2,TLNSOTH,1,0.6,3.1,0,0,2.7,MC,275kV,SLONDIMP,2022,11/07/2022,31/07/2022,21,99,119,0,213,PL,892.473
100,101,seq0351,020696-031410-O-0049,m,0,1,HURS2M4-A,,TLNSOTH,0,0,0,0,0,0,MC,275kV,SLONDIMP,2022,04/04/2022,26/06/2022,84,1,84,0,101,PL,0
99,100,seq0352,020696-031410-O-0059,m,0,162,HURS2M4-A,,TLNSOTH,0,0,0,0,0,0,MC,275kV,SLONDIMP,2022,12/09/2022,03/02/2023,145,162,306,0,100,PL,0
98,99,seq0353,020696-031410-O-0033,m,0,335,HURS2M4-A,,TLNSOTH,0,0,0,0,0,0,MC,275kV,SLONDIMP,2022,04/03/2023,30/06/2023,119,335,453,0,99,PL,0
97,98,seq0356,032228-032228-O-00132,m,0,15,HURS2M3,HURST-LITTLEBROOK 1 HURSMC3/SGT3-ELTHAM,TSENOKT,0,0,0,0,0,0,MC,275kV,SLONDIMP,2022,18/04/2022,29/05/2022,42,15,56,0,98,PL,0
275,276,seq0358,020696-031410-O-0035,m,76,15,HURS2M3,HURST-LITTLEBROOK 1 HURSMC3/SGT3-ELTHAM,TLNSOTH,0.7,0.2,4.2,0,0,1.8,MC,275kV,SLONDIMP,2022,18/04/2022,26/06/2022,70,15,84,0,276,PL,12
274,275,seq0359,020696-031410-O-0035,m,76,15,HURS2M3,HURST-LITTLEBROOK 1 HURSMC3/SGT3-ELTHAM,TSENOKT,0.3,0,1.3,0,0,0.5,MC,275kV,SLONDIMP,2022,18/04/2022,26/06/2022,70,15,84,0,275,PL,1
373,374,seq0360,MC DAR,m,92,1,IMPP4M1-A,"IMPERIAL PARK MESH CORNER 1, SGT1A",TSWSWAE,1.2,0,0,0,0,0,MC,400kV,SWALEX,2022,04/04/2022,13/04/2022,10,1,10,0,370,PL,1
374,375,seq0361,MC DAR,m,92,11,IMPP4M2-A,"IMPERIAL PARK 400KV MESHCORNER2,SGT2A/B",TSWSWAE,1.2,0,0,0,0,0,MC,400kV,SWALEX,2022,14/04/2022,23/04/2022,10,11,20,0,371,PL,1
103,104,seq0369,100900-201809-O-0007,m,0,9,IROAH4,,TSWSEVN,0,0,0,0,0,0,SGT,275kV,SWALEX,2022,12/04/2022,14/04/2022,3,9,11,0,104,PL,0
408,409,seq0376,,a,92,,JORD2M1,,TNESHEF,0.9,0,0,0,0,0,MC,275kV,SHRIMP,2022,04/04/2022,04/04/2022,14,0,0,0,0,UP,1
266,267,seq0377,,m,73,50,JORD2A2,JORDANTHORPE-NORTON LEES-PITSMOOR,TNESHEF,2.7,0,4.7,0,0,2.9,MC,275kV,SHRIMP,2022,23/05/2022,03/07/2022,42,50,91,0,267,PL,17
105,106,seq0379,100857-201714-O-0001,m,0,57,KEMSX11,SGT1,TSENOKT,0,0,0,0,0,0,SGT,400kV,UKPN-SPN,2022,30/05/2022,10/06/2022,12,57,68,0,106,PL,0
108,109,seq0380,020696-031410-O-0021,m,0,85,KEMSX110C,,TSENOKT,0,0,0,0,0,0,Circuit,400kV,SLONDIMP,2022,27/06/2022,03/07/2022,7,85,91,0,109,PL,0
259,260,seq0381,100857-201714-O-0002,m,65,22,KEMSX21,SGT2,TSENOKT,0.3,1,12.5,0,0,2.9,SGT,400kV,UKPN-SPN,2022,25/04/2022,06/05/2022,12,22,33,0,260,PL,62.877
109,110,seq0382,100857-201714-O-0003,m,0,71,KEMSX3A,,TSENOKT,0,0,0,0,0,0,Circuit,400kV,SLONDIMP,2022,13/06/2022,24/06/2022,12,71,82,0,110,PL,0
375,376,seq0386,,m,92,183,KIBYL8,KIRKBY-LISTER DRIVE 1,TNWMERS,1.6,0,0,0,0,0,Circuit,275kV,MERSCON,2022,03/10/2022,23/10/2022,21,183,203,0,372,PL,1
110,111,seq0388,100827-201667-O-0003,m,0,99,KINOX70-A,KINGSNORTH - TILBURY 400KV CCT,TSENOKT,0,0,0,0,0,0,Circuit,400kV,ADJACENT CIRCUITS - ESTEX,2022,11/07/2022,12/08/2022,33,99,131,0,111,PL,0
376,377,seq0389,,m,92,43,KIRK2A2,,TNELEDS,1.6,0,0,0,0,0,Circuit,275kV,NATYORK,2022,16/05/2022,05/06/2022,21,43,63,0,373,PL,1
318,319,seq0390,,m,89,92,KIRK2M3,KIRKSTALL MESH CORNER 3,TNELEDS,3,0,3.4,0,0,2.1,MC,275kV,NATYORK,2022,04/07/2022,17/07/2022,14,92,105,0,317,PL,3
111,112,seq0391,100374-200885-O-0002,m,0,3,KITW2A1,KITWELL-OCKER HILL. KITW MC 1 SGT1.OCKER,TCNSTAF,0,0,0,0,0,0,MC,275kV,WMIDIMP,2022,06/04/2022,27/04/2022,22,3,24,0,112,PL,0
141,142,seq0392,032228-032228-O-00150,m,0,155,POPP2M2KM2,,TNELEDS,0,0,0,0,0,0,MC,275kV,NATYORK,2022,05/09/2022,25/09/2022,21,155,175,0,142,PL,0
140,141,seq0393,100182-200479-O-0003,m,0,155,POPP2M2KM2,,TNELEDS,0,0,0,0,0,0,MC,275kV,NATYORK,2022,05/09/2022,21/10/2022,47,155,201,0,141,PL,0
377,378,seq0394,100182-200479-O-0002,m,92,15,KNAR2MC2,KNARESBOROUGH - MONK FRYSTON 275KV CCT,TNELEDS,0.3,0,0.5,0,0,0.3,MC,275kV,NATYORK,2022,18/04/2022,03/06/2022,47,15,61,0,374,PL,1
319,320,seq0399,,m,89,43,LACKH3,LACKENBY - SGT3,TNETEES,1.8,0,0,0,0,0.3,SGT,275kV,NPG,2022,16/05/2022,29/05/2022,14,43,56,0,318,PL,3
113,114,seq0400,032228-032228-O-00154,m,0,309,LACKX20,LACKENBY-THORNTON 2,TNETEES,0,0,0,0,0,0,Circuit,400kV,MERSCON,2022,06/02/2023,05/03/2023,28,309,336,0,114,PL,0
114,115,seq0401,032228-032228-O-00153,m,0,337,LACKX30,LACKENBY-THORNTON 1,TNETEES,0,0,0,0,0,0,Circuit,400kV,MERSCON,2022,06/03/2023,02/04/2023,28,337,364,0,115,PL,0
289,290,seq0402,032228-032228-O-00133,m,84,85,LALE2M3,IVER-LALEHAM LALEHAM 275KV MC 3 SGT3,TLNWEST,1.9,0,2.5,0,0,1.6,MC,275kV,ADJACENT CIRCUITS - SEIMPPR,2022,27/06/2022,07/08/2022,42,85,126,0,290,PL,7
342,343,seq0403,,m,91,149,LALE2M4,LALEHAM - WEST WEYBRIDGE,TLNWEST,2.3,0,1.1,0,0,0.7,MC,275kV,ADJACENT CIRCUITS - SEIMPPR,2022,03/04/2022,03/04/2022,21,0,0,0,0,UP,2
309,310,seq0404,,m,88,161,LAND4A1,LANDULPH 400KV MESH CORNER 1 / SGT1,TSWWCTY,0.9,0,2.9,0,0,1.8,MC,400kV,SWPEN,2022,11/09/2022,27/09/2022,17,161,177,0,309,PL,4
115,116,seq0410,020696-031410-O-0029,m,0,162,LITTX2B,,TSENOKT,0,0,0,0,0,0,Circuit,400kV,SLONDIMP,2022,12/09/2022,03/02/2023,145,162,306,0,116,PL,0
116,117,seq0412,020696-031410-O-0031,m,0,335,LITTX4B,,TSENOKT,0,0,0,0,0,0,Circuit,400kV,SLONDIMP,2022,04/03/2023,30/06/2023,119,335,453,0,117,PL,0
117,118,seq0413,020696-031410-O-0028,m,0,162,LITTX80-A,,TSENOKT,0,0,0,0,0,0,Circuit,400kV,SLONDIMP,2022,12/09/2022,15/11/2022,65,162,226,0,118,PL,0
119,120,seq0421,032228-032228-O-00161,m,0,204,MANN4M3,,TSESOLT,0,0,0,0,0,0,MC,400kV,SWPEN,2022,24/10/2022,30/10/2022,7,204,210,0,120,PL,0
127,128,seq0422,032228-032228-O-00162,m,0,111,NURS4M2,,TSESOLT,0,0,0,0,0,0,MC,400kV,SWPEN,2022,23/07/2022,29/07/2022,7,111,117,0,128,PL,0
118,119,seq0423,032228-032228-O-00147,m,0,1,MACC4A3-B,MACC - STAL - STAL - STSB. MACC MC3.,TNESHEF,0,0,0,0,0,0,Circuit,400kV,NORTH WEST,2022,04/04/2022,24/04/2022,21,1,21,0,119,PL,0
284,285,seq0424,033631-033631-O-0002,m,80,1,MACC4A3-B,MACC - STAL - STAL - STSB. MACC MC3.,OHNE,0,0,0,0,0.4,0,Circuit,400kV,NORTH WEST,2022,04/04/2022,03/06/2022,61,1,61,0,285,PL,1
283,284,seq0425,033631-033631-O-0002,m,80,1,MACC4A3-B,MACC - STAL - STAL - STSB. MACC MC3.,TNESHEF,1.2,0,2.5,0,0,1.5,Circuit,400kV,NORTH WEST,2022,04/04/2022,03/06/2022,61,1,61,0,284,PL,9
121,122,seq0428,032228-032228-O-00165,m,0,106,MITY4M1,,TSWSEVN,0,0,0,0,0,0,MC,400kV,ADJACENT CIRCUITS - SWALEX,2022,18/07/2022,21/08/2022,35,106,140,0,122,PL,0
396,397,seq0429,,a,62,,MELKX50,MELKSHAM SEABANK,TSWSEVN,0.8,0.3,4.7,0,0,1.5,Circuit,400kV,SWALEX,2022,04/04/2022,04/04/2022,42,0,0,0,0,UP,70.585
120,121,seq0430,100651-201330-O-0001,m,0,181,MELKX81,MELKSHAM SGT8,TSWSEVN,0,0,0,0,0,0,SGT,400kV,SSE,2022,01/10/2022,30/10/2022,30,181,210,0,121,PL,0
378,379,seq0436,,m,92,204,MITY4M3,FECKENHAM MINETY,TCNWARW,0,0.1,1.2,0,0,0.7,MC,400kV,FLOWSTH,2022,24/10/2022,28/10/2022,5,204,208,0,375,PL,1
123,124,seq0437,032228-032228-O-00164,m,0,78,MITY4M4,MELKSHAM - MINETY 1,TSWSEVN,0,0,0,0,0,0,MC,400kV,ADJACENT CIRCUITS - SWALEX,2022,20/06/2022,17/07/2022,28,78,105,0,124,PL,0
124,125,seq0440,MC DAR,m,0,148,MONF4A3,MONK FRYSTON-PADIHAM 400KV. MONK FRYSTON,TNWMANN,0,0,0,0,0,0,MC,400kV,NATYORK,2022,29/08/2022,09/09/2022,12,148,159,0,125,PL,0
320,321,seq0441,,m,89,148,MONF4A3,MONK FRYSTON-PADIHAM 400KV. MONK FRYSTON,TNELEDS,1,0,0,0,0,0,MC,400kV,NATYORK,2022,29/08/2022,09/09/2022,12,148,159,0,319,PL,1
321,322,seq0442,,m,89,148,MONF4A3,MONK FRYSTON-PADIHAM 400KV. MONK FRYSTON,TNWMANN,2.2,0,2,0,0,1.2,MC,400kV,NATYORK,2022,03/04/2022,03/04/2022,12,0,0,0,0,UP,2
125,126,seq0443,MC DAR,m,0,134,MONF4M2,EGGBOROUGH - MONK FRYSTON 2 400KV CCT,TNENHUM,0,0,0,0,0,0,MC,400kV,NATYORK,2022,15/08/2022,26/08/2022,12,134,145,0,126,PL,0
303,304,seq0444,,m,87,106,MONF4M2,EGGBOROUGH - MONK FRYSTON 2 400KV CCT,TNELEDS,1.4,0,0,0,0,0,MC,400kV,NATYORK,2022,18/07/2022,12/08/2022,26,106,131,0,303,PL,3
302,303,seq0445,,m,87,106,MONF4M2,EGGBOROUGH - MONK FRYSTON 2 400KV CCT,TNENHUM,1.9,0,0.9,0,0,0.6,MC,400kV,NATYORK,2022,18/07/2022,12/08/2022,26,106,131,0,302,PL,2
287,288,seq0446,,m,81,78,NECH2M1,BUSTLEHOLM-NECHELLS 1,TCNSTAF,1.3,0,3.5,0,0,2.2,MC,275kV,WMIDIMP,2022,20/06/2022,24/07/2022,35,78,112,0,288,PL,9
285,286,seq0447,,m,80,113,NECH2M2,BUSTLEHOLM-NECHELLS 2,TCNSTAF,0.7,0,2.7,0,0,1.7,MC,275kV,WMIDIMP,2022,25/07/2022,28/08/2022,35,113,147,0,286,PL,10
379,380,seq0448,,m,92,1,NEEPH3,,TNESHEF,0.9,0,0,0,0,0,SGT,275kV,NPG,2022,04/04/2022,17/04/2022,14,1,14,0,376,PL,1
322,323,seq0450,,m,89,198,NHYD2M3,NORTH HYDE - IVER 12. NHYD SGT3,TLNWEST,0.1,0.1,2.4,0,0,1.4,MC,275kV,CLONDIMP,2022,18/10/2022,28/10/2022,11,198,208,0,320,PL,3
380,381,seq0454,,m,92,64,NINFX11-A,NINFIELD SGT1 AND SR1,TSEESUX,1.1,0,1.7,0,0,1.1,SGT,400kV,UKPN-SPN,2022,06/06/2022,19/06/2022,14,64,77,0,377,PL,1
310,311,seq0457,,m,88,141,NORMX41,NORWICH MAIN 400KV SGT 4,TCNNANG,1,0,3,0,0,1.2,SGT,400kV,UKPN-EPN,2022,22/08/2022,16/09/2022,26,141,166,0,310,PL,4
126,127,seq0460,033463-033463-O-0004,m,0,134,NORTX30,,TNETEES,0,0,0,0,0,0,Circuit,400kV,HADRIAN,2022,15/08/2022,07/10/2022,54,134,187,0,127,PL,0
128,129,seq0463,100785-201585-O-0001,m,0,181,OCKHH1,,TCNSTAF,0,0,0,0,0,0,SGT,275kV,WMIDIMP,2022,01/10/2022,30/10/2022,30,181,210,0,129,PL,0
381,382,seq0464,101118-202219-O-0002,m,92,331,OFFE2A2-A,OFFERTON - WEST BOLDEN 275KV CIRCUIT,TNEWEAR,0.3,0,0.5,0,0,0.3,MC,275kV,HADRIAN,2022,28/02/2023,13/04/2023,45,331,375,0,378,PL,1
112,113,seq0466,100374-200885-O-0003,m,0,3,KITW2A2,,TCNSTAF,0,0,0,0,0,0,MC,275kV,WMIDIMP,2022,06/04/2022,27/04/2022,22,3,24,0,113,PL,0
130,131,seq0468,032228-032228-O-00158,m,0,78,PELHX40,BRAINTREE - PELHAM - RAYLEIGH  400KV CCT,TCNWANG,0,0,0,0,0,0,Circuit,400kV,SEIMPPR,2022,20/06/2022,17/07/2022,28,78,105,0,131,PL,0
256,257,seq0469,,m,59,78,PELHX40,BRAINTREE - PELHAM - RAYLEIGH  400KV CCT,TCNSANG,0.5,0,2.4,0,0,1,Circuit,400kV,SEIMPPR,2022,20/06/2022,31/07/2022,42,78,119,0,257,PL,42.184
255,256,seq0470,,m,59,78,PELHX40,BRAINTREE - PELHAM - RAYLEIGH  400KV CCT,TCNWANG,0.5,0.3,4.3,0,0,1.3,Circuit,400kV,SEIMPPR,2022,20/06/2022,31/07/2022,42,78,119,0,256,PL,57.298
132,133,seq0471,MC DAR,m,0,1,PELHX60,PELHAM-RYE HOUSE-WALTHAM CROSS 2,TLNNEST,0,0,0,0,0,0,Circuit,400kV,SEIMPPR,2022,04/04/2022,13/04/2022,10,1,10,0,133,PL,0
131,132,seq0472,033663-200195-O-0020,m,0,1,PELHX60,PELHAM-RYE HOUSE-WALTHAM CROSS 2,TLNNEST,0,0,0,0,0,0,Circuit,400kV,SEIMPPR,2022,04/04/2022,18/04/2022,15,1,15,0,132,PL,0
244,245,seq0473,,m,36,1,PELHX60,PELHAM-RYE HOUSE-WALTHAM CROSS 2,TCNWANG,2.1,0,5.8,0,0,2.8,Circuit,400kV,SEIMPPR,2022,04/04/2022,15/05/2022,42,1,42,0,245,PL,121.688
243,244,seq0474,,m,36,1,PELHX60,PELHAM-RYE HOUSE-WALTHAM CROSS 2,TLNNEST,0.9,0,2.7,0,0,1.1,Circuit,400kV,SEIMPPR,2022,04/04/2022,15/05/2022,42,1,42,0,244,PL,71.991
323,324,seq0475,,m,89,204,PELHX70,PELHAM-WYMONDLEY,TCNWANG,1.1,0,2.6,0,0,1.6,Circuit,400kV,FLOWSTH,2022,24/10/2022,06/11/2022,14,204,217,0,321,PL,3
288,289,seq0480,,m,82,1,PEMBX11,PEMBROKE 400 KV SGT1,TSWSWAW,0.1,0.3,3.6,0,0,0.8,SGT,400kV,WPD,2022,04/04/2022,15/05/2022,42,1,42,0,289,PL,8.706
185,186,seq0481,031813-031814-O-0004,m,0,113,WALH4M4,,TSWSEVN,0,0,0,0,0,0,MC,400kV,SWALEX,2022,25/07/2022,01/08/2022,8,113,120,0,186,PL,0
134,135,seq0482,100847-201734-O-0001,m,0,22,PENNH1,,TCNSTAF,0,0,0,0,0,0,SGT,275kV,WPD,2022,25/04/2022,20/05/2022,26,22,47,0,135,PL,0
135,136,seq0483,100847-201734-O-0002,m,0,57,PENNH2,,TCNSTAF,0,0,0,0,0,0,SGT,275kV,WPD,2022,30/05/2022,24/06/2022,26,57,82,0,136,PL,0
136,137,seq0484,100847-201734-O-0003,m,0,92,PENNH4,,TCNSTAF,0,0,0,0,0,0,SGT,275kV,WPD,2022,04/07/2022,29/07/2022,26,92,117,0,137,PL,0
137,138,seq0485,100847-201734-O-0004,m,0,127,PENNH5,,TCNSTAF,0,0,0,0,0,0,SGT,275kV,WPD,2022,08/08/2022,02/09/2022,26,127,152,0,138,PL,0
138,139,seq0487,100182-200479-O-0004,m,0,1,PENTX10,PENTIR-WYLFA 1,TNWNWAL,0,0,0,0,0,0,Circuit,400kV,NORTH WEST,2022,04/04/2022,26/05/2022,53,1,53,0,139,PL,0
257,258,seq0488,100960-201915-O-0001,m,63,1,PENTX10,PENTIR-WYLFA 1,TNWNWAL,0.1,0.2,2.7,0,0,0.6,Circuit,400kV,NORTH WEST,2022,04/04/2022,29/05/2022,56,1,56,0,258,PL,68.607
139,140,seq0489,100182-200479-O-0005,m,0,57,PENTX20,PENTIR-WYLFA 2,TNWNWAL,0,0,0,0,0,0,Circuit,400kV,NORTH WEST,2022,30/05/2022,21/07/2022,53,57,109,0,140,PL,0
382,383,seq0490,100960-201915-O-0002,m,92,57,PENTX20,PENTIR-WYLFA 2,TNWNWAL,0.6,0,0,0,0,0,Circuit,400kV,NORTH WEST,2022,30/05/2022,24/07/2022,56,57,112,0,379,PL,1
383,384,seq0495,MC DAR,m,92,78,POPP2MC1,MONK FRYSTON - POPPLETON 275KV CIRCUIT,TNELEDS,1,0,0,0,0,0,MC,275kV,NATYORK,2022,20/06/2022,01/07/2022,12,78,89,0,380,PL,1
142,143,seq0496,100731-201513-O-0001,m,0,92,POPPH1B,,TNELEDS,0,0,0,0,0,0,SGT,275kV,NATYORK,2022,04/07/2022,25/08/2022,53,92,144,0,143,PL,0
143,144,seq0497,100731-201513-O-0002,m,0,155,POPPH2B,,TNELEDS,0,0,0,0,0,0,SGT,275kV,NATYORK,2022,05/09/2022,27/10/2022,53,155,207,0,144,PL,0
286,287,seq0498,,m,80,106,RAIN2M2,F/FERRY-RAINHILL 2  RAIN SGT2  MC2  BS2,TNWMERS,1.8,0,3.6,0,0,2.2,MC,275kV,MERSCON,2022,18/07/2022,28/08/2022,42,106,147,0,287,PL,10
241,242,seq0500,,m,34,12,RASS4A2,RASSAU - WALHAM 400KV CCT,TSWSEVN,1.1,0.3,4.7,0,0,1.5,MC,400kV,SWALEX,2022,15/04/2022,26/05/2022,42,12,53,0,242,PL,226.951
240,241,seq0501,,m,34,12,RASS4A2,RASSAU - WALHAM 400KV CCT,TSWSWAE,0.7,0,1.1,0,0,0.7,MC,400kV,SWALEX,2022,15/04/2022,26/05/2022,42,12,53,0,241,PL,2
144,145,seq0502,101094-202183-O-0001,m,0,64,RASSX21,,TSWSWAE,0,0,0,0,0,0,SGT,400kV,SWALEX,2022,06/06/2022,08/06/2022,3,64,66,0,145,PL,0
145,146,seq0504,032228-032228-O-00135,m,0,99,RATSX100,RATCLIFFE ON SOAR-WILLINGTON EAST 2,TCNDERB,0,0,0,0,0,0,Circuit,400kV,WMIDIMP,2022,11/07/2022,07/08/2022,28,99,126,0,146,PL,0
146,147,seq0505,032228-032228-O-00134,m,0,78,RATSX50,RATCLIFFE ON SOAR-WILLINGTON EAST 1,TCNDERB,0,0,0,0,0,0,Circuit,400kV,WMIDIMP,2022,20/06/2022,10/07/2022,21,78,98,0,147,PL,0
343,344,seq0508,,m,91,8,RAYLX31,RAYLEIGH MAIN 400KV SGT3,TCNSANG,0,0.1,2.4,0,0,1.4,SGT,400kV,UKPN-EPN,2022,11/04/2022,15/04/2022,5,8,12,0,340,PL,2
147,148,seq0513,100182-200479-O-0001,m,0,169,RHIGX30,RHIGOS - SWANSEA NORTH 400KV CIRCUIT,TSWSWAW,0,0,0,0,0,0,Circuit,400kV,SWALEX,2022,19/09/2022,16/10/2022,28,169,196,0,148,PL,0
149,150,seq0514,100873-201755-O-0001,m,0,58,RICHX11,,TSEEAKT,0,0,0,0,0,0,SGT,400kV,UKPN-SPN,2022,31/05/2022,29/06/2022,30,58,87,0,150,PL,0
150,151,seq0515,100876-201764-O-0001,m,0,106,RICHX31,,TSEEAKT,0,0,0,0,0,0,SGT,400kV,UKPN-SPN,2022,18/07/2022,12/08/2022,26,106,131,0,151,PL,0
296,297,seq0517,032228-032228-O-00143,m,86,113,ROCH2M2,ROCHDALE-STALYBRIDGE  ROCH MC2  S20 SGT2,TNWMANN,2.5,0,4,0,0,2.5,MC,275kV,NATYORK,2022,25/07/2022,29/08/2022,36,113,148,0,297,PL,6
324,325,seq0521,011030-0R0024-O-0006,m,89,1,RUGEX21,RUGELEY SGT2,TCNSTAF,0.1,0,1,0,0,0.6,SGT,400kV,WPD,2022,04/04/2022,13/05/2022,40,1,40,0,322,PL,3
384,385,seq0522,,m,92,309,RUGEX31,RUGELEY 400KV SGT3,TCNSTAF,0.9,0,0,0,0,0,SGT,400kV,WPD,2022,06/02/2023,19/02/2023,14,309,322,0,381,PL,1
152,153,seq0523,MC DAR,m,0,71,RYEHX10,RYE HOUSE-WALTHAM CROSS 1,TCNWANG,0,0,0,0,0,0,Circuit,400kV,NLONDIMP,2022,13/06/2022,22/06/2022,10,71,80,0,153,PL,0
151,152,seq0524,033663-200195-O-0019,m,0,71,RYEHX10,RYE HOUSE-WALTHAM CROSS 1,TCNWANG,0,0,0,0,0,0,Circuit,400kV,NLONDIMP,2022,13/06/2022,24/06/2022,12,71,82,0,152,PL,0
385,386,seq0525,MC DAR,m,92,1,SAEN2M1,CREYKE BECK - SALTEND NORTH,TNENHUM,1.2,0,0,0,0,0,MC,275kV,HUMBUREX,2022,04/04/2022,13/04/2022,10,1,10,0,382,PL,1
386,387,seq0526,MC DAR,m,92,11,SAEN2M2,SALTEND NORTH - SALTEND SOUTH,TNENHUM,1.2,0,0,0,0,0,MC,275kV,HUMBUREX,2022,14/04/2022,23/04/2022,10,11,20,0,383,PL,1
397,398,seq0528,,a,80,,SALH2M1,HARTLEPOOL - SALTHOLME,TNEWEAR,1.2,0,3.4,0,0,2.1,MC,275kV,HADRIAN,2022,04/04/2022,14/05/2022,41,1,41,0,391,PL,10
398,399,seq0529,,a,81,,SALH2M2,NORTON - SALTHOLME,TNEWEAR,0.8,0,2.8,0,0,1.7,MC,275kV,HADRIAN,2022,15/05/2022,24/06/2022,41,42,82,398,391,PL,9
158,159,seq0531,100680-201436-O-0006,m,0,8,SELLX31,SELLINDGE-SGT3,TSEEAKT,0,0,0,0,0,0,SGT,400kV,UKPN-SPN,2022,11/04/2022,20/04/2022,10,8,17,0,159,PL,0
159,160,seq0532,032228-032228-O-00151,m,0,15,SHEC2M1,BRIN-NORL-SHEC. NORL SGT1 SHEC MC1 SGT1,TNESHEF,0,0,0,0,0,0,MC,275kV,SHRIMP,2022,18/04/2022,22/05/2022,35,15,49,0,160,PL,0
280,281,seq0534,,m,78,1,SJOW2A2,ST JOHNS WOOD 275 - MC2/TOTTENHAM 1,TLNCETL,0.5,0,2.2,0,0,1.4,MC,275kV,CLONDIMP,2022,04/04/2022,08/05/2022,35,1,35,0,281,PL,6
279,280,seq0535,,m,78,1,SJOW2A2,ST JOHNS WOOD 275 - MC2/TOTTENHAM 1,TLNNEST,0.7,0,1.8,0,0,1.1,MC,275kV,CLONDIMP,2022,04/04/2022,08/05/2022,35,1,35,0,280,PL,6
253,254,seq0537,,m,56,1,SJOWX111,ST JOHNS WOOD SGT 11A/11B,TLNCETL,1,0,2.6,0,0,0.9,SGT,400kV,UKPN-LPN,2022,04/04/2022,08/05/2022,35,1,35,0,254,PL,108.346
161,162,seq0538,MC DAR,m,0,1,SMAN2M1-A,,TNWMANS,0,0,0,0,0,0,MC,275kV,NORTH WEST,2022,04/04/2022,13/04/2022,10,1,10,0,162,PL,0
304,305,seq0539,,m,87,57,SMAN2M1-A,,TNWMANS,0.7,0,2.1,0,0,1.3,MC,275kV,NORTH WEST,2022,30/05/2022,17/06/2022,19,57,75,0,304,PL,5
387,388,seq0540,MC DAR,m,92,15,SMAN2M2,CARRINGTON-S/MANCHESTER 2 SMAN MC2 SGT2,TNWMANS,1,0,0,0,0,0,MC,275kV,NORTH WEST,2022,18/04/2022,29/04/2022,12,15,26,0,384,PL,1
162,163,seq0541,MC DAR,m,0,43,SMAN2M4,SOUTH MANCHESTER MESH CORNER 4  SGT4,TNWMANS,0,0,0,0,0,0,MC,275kV,ENW,2022,16/05/2022,27/05/2022,12,43,54,0,163,PL,0
227,228,seq0542,,m,21,316,SMAN2M4,SOUTH MANCHESTER MESH CORNER 4  SGT4,TNWMANS,1.4,0,6.7,0,0,2.4,MC,275kV,ENW,2022,13/02/2023,26/03/2023,42,316,357,0,228,PL,564.518
250,251,seq0543,,m,47,57,SMAN2M5,SOUTH MANCHESTER CARRINGTON 1 SMAN MC5,OHNW,0,0,0,2.2,0.4,0,MC,275kV,NORTH WEST,2022,30/05/2022,08/07/2022,40,57,96,0,251,PL,73.461
249,250,seq0544,,m,47,57,SMAN2M5,SOUTH MANCHESTER CARRINGTON 1 SMAN MC5,TNWMANS,0.8,0.3,5,0,0,1.6,MC,275kV,NORTH WEST,2022,30/05/2022,08/07/2022,40,57,96,0,250,PL,57.004
326,327,seq0546,032228-032228-O-00155,m,89,141,SSHI2M2,BLYTH - SOUTH SHIELDS - TYNEMOUTH 11KV 4,TNEBORD,0.1,0,1.3,0,0,0.5,MC,275kV,HADRIAN,2022,22/08/2022,25/09/2022,35,141,175,0,324,PL,1
325,326,seq0547,033172-033172-O-0036,m,89,141,SSHI2M2,BLYTH - SOUTH SHIELDS - TYNEMOUTH 11KV 4,TNEWEAR,0.4,0,0.9,0,0,0.5,MC,275kV,HADRIAN,2022,22/08/2022,25/09/2022,35,141,175,0,323,PL,2
163,164,seq0548,033631-033631-O-0004,m,0,1,STAL4A1,STALYBRIDGE 400KV MESH CORNER 1,TNESHUM,0,0,0,0,0,0,MC,400kV,SHRIMP,2022,04/04/2022,03/06/2022,61,1,61,0,164,PL,0
268,269,seq0549,033492-033492-O-0021,m,74,1,STAL4A1,STALYBRIDGE 400KV MESH CORNER 1,OHNE,0,0,0,0,0.2,0,MC,400kV,SHRIMP,2022,04/04/2022,21/07/2022,109,1,109,0,269,PL,1
267,268,seq0550,033492-033492-O-0021,m,74,1,STAL4A1,STALYBRIDGE 400KV MESH CORNER 1,TNESHUM,0.1,0,1,0,0,0.6,MC,400kV,SHRIMP,2022,04/04/2022,21/07/2022,109,1,109,0,268,PL,14
164,165,seq0551,033492-033492-O-0022,m,0,1,STAL4A2,,TNWMANN,0,0,0,0,0,0,MC,400kV,SHRIMP,2022,04/04/2022,22/07/2022,110,1,110,0,165,PL,0
166,167,seq0554,033172-033172-O-0040,m,0,204,STEWH1,STELLA WEST - STELLA NORTH 1,TNEBORD,0,0,0,0,0,0,SGT,275kV,NPG,2022,24/10/2022,30/10/2022,7,204,210,0,167,PL,0
329,330,seq0555,,m,89,190,STEWH9,STELLA WEST SGT9 - STELLA SOUTH 132KV,TNEBORD,3,0,3.4,0,0,2.1,SGT,275kV,NPG,2022,10/10/2022,23/10/2022,14,190,203,0,327,PL,3
388,389,seq0556,,m,92,22,STEWX71,STELLA WEST 400KV SGT7,TNEBORD,1.1,0,1.7,0,0,1.1,SGT,400kV,HADRIAN,2022,25/04/2022,08/05/2022,14,22,35,0,385,PL,1
167,168,seq0567,031760-031760-O-0006,m,0,155,TEMPH1,,TNESHEF,0,0,0,0,0,0,SGT,275kV,SHRIMP,2022,05/09/2022,28/10/2022,54,155,208,0,168,PL,0
168,169,seq0568,031760-031760-O-0005,m,0,92,TEMPH3,,TNESHEF,0,0,0,0,0,0,SGT,275kV,SHRIMP,2022,04/07/2022,26/08/2022,54,92,145,0,169,PL,0
242,243,seq0572,,m,35,141,THOMH6,THORPE MARSH SGT6,TNESHUM,0.5,0,2.9,0,0,0.9,SGT,275kV,NPG,2022,22/08/2022,02/10/2022,42,141,182,0,243,PL,217.345
197,198,seq0573,100171-200449-O-0001,m,0,141,WMEL2M2,,TNESHEF,0,0,0,0,0,0,MC,275kV,SHRIMP,2022,22/08/2022,16/10/2022,56,141,196,0,198,PL,0
198,199,seq0574,100171-200448-O-0001,m,0,141,WMEL2M2,,TNESHEF,0,0,0,0,0,0,MC,275kV,SHRIMP,2022,22/08/2022,16/10/2022,56,141,196,0,199,PL,0
238,239,seq0575,,m,33,183,THOMX71,THORPE MARSH 400KV SGT7,TNESHUM,0.5,0,2.9,0,0,0.9,SGT,400kV,SHRIMP,2022,03/10/2022,13/11/2022,42,183,224,0,239,PL,253.278
228,229,seq0576,101115-202216-O-0002,m,22,43,THUR2A3,"HIGM - THUR - WMEL, THUR MC3, WMEL MC4",OHNE,0,0,0,12.6,2.5,0,MC,275kV,HUMBUREX,2022,16/05/2022,10/07/2022,56,43,98,0,229,PL,530.724
231,232,seq0577,101115-202216-O-0002,m,22,43,THUR2A3,"HIGM - THUR - WMEL, THUR MC3, WMEL MC4",TNESHEF,0.2,0,0.4,0,0,0.2,MC,275kV,HUMBUREX,2022,16/05/2022,10/07/2022,56,43,98,0,232,PL,3
230,231,seq0578,101115-202216-O-0002,m,22,43,THUR2A3,"HIGM - THUR - WMEL, THUR MC3, WMEL MC4",TNESHUM,0,0,0.5,0,0,0.3,MC,275kV,HUMBUREX,2022,16/05/2022,10/07/2022,56,43,98,0,231,PL,3
229,230,seq0579,101115-202216-O-0002,m,22,43,THUR2A3,"HIGM - THUR - WMEL, THUR MC3, WMEL MC4",TNETVAL,0.3,0,0.4,0,0,0.3,MC,275kV,HUMBUREX,2022,16/05/2022,10/07/2022,56,43,98,0,230,PL,1
169,170,seq0580,101114-202215-O-0002,m,0,43,THUR2M3,,No Team,0,0,0,0,0,0,MC,275kV,SHRIMP,2022,16/05/2022,10/07/2022,56,43,98,0,170,PL,0
172,173,seq0582,101044-202098-O-0001,m,0,29,TINP1B,,TNESHEF,0,0,0,0,0,0,MSC,132kV,SHRIMP,2022,02/05/2022,16/09/2022,138,29,166,0,173,PL,0
400,401,seq0584,,a,81,,TODP2M1,HARTLEPOOL - TOD POINT,TNETEES,2,0,2.8,0,0,1.7,MC,275kV,HADRIAN,2022,25/06/2022,05/08/2022,42,83,124,399,391,PL,8
399,400,seq0585,,a,81,,TODP2M1,HARTLEPOOL - TOD POINT,TNEWEAR,0.8,0,0,0,0,0,MC,275kV,HADRIAN,2022,25/06/2022,05/08/2022,42,83,124,399,391,PL,1
405,406,seq0586,,a,89,,TODP2M2,LACKENBY - TOD POINT,TNETEES,2.9,0,1.1,0,0,0.7,MC,275kV,HADRIAN,2022,04/04/2022,04/04/2022,21,0,0,0,0,UP,3
174,175,seq0587,032228-032228-O-00148,m,0,211,TRAW4M4-A,CONNAH'S QUAY-LEGACY-TRAWSFYNYDD 2 CCT,TNWNWAL,0,0,0,0,0,0,MC,400kV,UPFLSTH,2022,31/10/2022,27/11/2022,28,211,238,0,175,PL,0
175,176,seq0588,100887-201779-O-0001,m,0,8,TRAWH2,,TNWNWAL,0,0,0,0,0,0,SGT,275kV,SPE,2022,11/04/2022,30/09/2022,173,8,180,0,176,PL,0
176,177,seq0589,032228-032228-O-00171,m,0,1,TREM2-A,TREMORFA - USKMOUTH - WHITSON 275KV,TSWSWAE,0,0,0,0,0,0,MSC,275kV,SWALEX,2022,04/04/2022,24/04/2022,21,1,21,0,177,PL,0
245,246,seq0590,,m,38,1,TREM2-A,TREMORFA - USKMOUTH - WHITSON 275KV,TSWSWAE,1.8,0,3.9,0,0,1.8,MSC,275kV,SWALEX,2022,04/04/2022,08/05/2022,35,1,35,0,246,PL,164.721
179,180,seq0591,033941-033941-O-0010,m,0,197,UPPB2M2,ABERTHAW UPPERBOAT 2,TSWSWAE,0,0,0,0,0,0,MC,275kV,COWPATEX,2022,17/10/2022,19/10/2022,3,197,199,0,180,PL,0
178,179,seq0592,100642-201318-O-0001,m,0,120,UPPB2M2,ABERTHAW UPPERBOAT 2,TSWSWAE,0,0,0,0,0,0,MC,275kV,COWPATEX,2022,01/08/2022,26/08/2022,26,120,145,0,179,PL,0
181,182,seq0593,033941-033941-O-0009,m,0,71,UPPB2M3,UPPER BOAT 275KV - CILFYNYDD NO 2 CCT,TSWSWAE,0,0,0,0,0,0,MC,275kV,COWPATEX,2022,13/06/2022,15/06/2022,3,71,73,0,182,PL,0
180,181,seq0594,100642-201318-O-0002,m,0,29,UPPB2M3,UPPER BOAT 275KV - CILFYNYDD NO 2 CCT,TSWSWAE,0,0,0,0,0,0,MC,275kV,COWPATEX,2022,02/05/2022,27/05/2022,26,29,54,0,181,PL,0
182,183,seq0595,033941-033941-O-0001,m,0,120,UPPBH2,,TSWSWAE,0,0,0,0,0,0,SGT,275kV,Missing Boundary,2022,01/08/2022,21/10/2022,82,120,201,0,183,PL,0
183,184,seq0596,033941-033941-O-0002,m,0,1,UPPBH3,,TSWSWAE,0,0,0,0,0,0,SGT,275kV,Missing Boundary,2022,04/04/2022,16/06/2022,74,1,74,0,184,PL,0
184,185,seq0598,032228-032228-O-00166,m,0,148,WALH4M3,FECKENHAM-WALHAM,TSWSEVN,0,0,0,0,0,0,MC,400kV,FLOWSTH,2022,29/08/2022,02/10/2022,35,148,182,0,185,PL,0
390,391,seq0599,,m,92,1,WALHX11,,TSWSEVN,1.6,0,0,0,0,0,SGT,400kV,WPD,2022,03/04/2022,03/04/2022,21,0,0,0,0,UP,1
391,392,seq0600,,m,92,181,WALHX21,,TSWSEVN,1.6,0,0,0,0,0,SGT,400kV,WPD,2022,01/10/2022,21/10/2022,21,181,201,0,387,PL,1
392,393,seq0601,,m,92,106,WALHX41,,TSWSEVN,1.6,0,0,0,0,0,SGT,400kV,WPD,2022,18/07/2022,07/08/2022,21,106,126,0,388,PL,1
330,331,seq0604,,m,89,1,WALPX31,WALPOLE SGT 3,TCNNANG,0,0.1,2.2,0,0,1.3,SGT,400kV,UKPN-EPN,2022,04/04/2022,11/04/2022,8,1,8,0,328,PL,3
188,189,seq0606,100577-201126-O-0001,m,0,43,WALPX51,,TCNNANG,0,0,0,0,0,0,SGT,400kV,UKPN-EPN,2022,16/05/2022,14/06/2022,30,43,72,0,189,PL,0
173,174,seq0610,033663-200195-O-0021,m,0,106,TOTT2M6,,TLNNEST,0,0,0,0,0,0,MC,275kV,CLONDIMP,2022,18/07/2022,22/07/2022,5,106,110,0,174,PL,0
189,190,seq0615,033663-200195-O-0016,m,0,169,WARL2M1,WARLEY - ELSTREE 1,TLNEAST,0,0,0,0,0,0,MC,275kV,NLONDIMP,2022,19/09/2022,22/09/2022,4,169,172,0,190,PL,0
190,191,seq0616,033663-200195-O-0014,m,0,162,WARL2M2,TILBURY-WARLEY 2,TLNEAST,0,0,0,0,0,0,MC,275kV,NLONDIMP,2022,12/09/2022,15/09/2022,4,162,165,0,191,PL,0
192,193,seq0617,033663-200195-O-0012,m,0,1,WARL2M3,TILBURY-WARLEY 1 ( SGT4-MESH CORNER 3),TLNEAST,0,0,0,0,0,0,MC,275kV,NLONDIMP,2022,04/04/2022,08/05/2022,35,1,35,0,193,PL,0
277,278,seq0618,,m,77,107,WARL2M3,TILBURY-WARLEY 1 ( SGT4-MESH CORNER 3),TCNSANG,1.2,0,0.6,0,0,0.4,MC,275kV,NLONDIMP,2022,19/07/2022,29/08/2022,42,107,148,0,278,PL,2
276,277,seq0619,,m,77,107,WARL2M3,TILBURY-WARLEY 1 ( SGT4-MESH CORNER 3),TLNEAST,1.6,0,4,0,0,1.9,MC,275kV,NLONDIMP,2022,19/07/2022,29/08/2022,42,107,148,0,277,PL,10.077
193,194,seq0620,033663-200195-O-0011,m,0,36,WARL2M4,WARLEY - ELSTREE 2,TLNEAST,0,0,0,0,0,0,MC,275kV,NLONDIMP,2022,09/05/2022,12/05/2022,4,36,39,0,194,PL,0
194,195,seq0621,100654-201335-O-0001,m,0,181,WARLH2,,TLNEAST,0,0,0,0,0,0,SGT,275kV,NLONDIMP,2022,01/10/2022,30/10/2022,30,181,210,0,195,PL,0
297,298,seq0625,,m,86,139,WATS2M3,ELSTREE - WATFORD SOUTH 2,TLNNWST,3.3,0,5.8,0,0,3.6,MC,275kV,NLONDIMP,2022,03/04/2022,03/04/2022,23,0,0,0,0,UP,6
254,255,seq0626,,m,57,72,WATS2M4,ELSTREE - WATFORD SOUTH 1,TLNNWST,0.6,0,3,0,0,1.2,MC,275kV,NLONDIMP,2022,14/06/2022,18/07/2022,35,72,106,0,255,PL,107.302
393,394,seq0627,,m,92,279,WBOL2M2,HARTLEPOOL - WEST BOLDON,TNEWEAR,1.1,0,1.7,0,0,1.1,MC,275kV,HADRIAN,2022,07/01/2023,20/01/2023,14,279,292,0,389,PL,1
195,196,seq0628,032228-032228-O-00156,m,0,279,WBOL2M2,HARTLEPOOL - WEST BOLDON,TNEWEAR,0,0,0,0,0,0,MC,275kV,HADRIAN,2022,07/01/2023,26/02/2023,51,279,329,0,196,PL,0
394,395,seq0632,,m,92,1,WHAMX41,WEST HAM SGT 4,TLNEAST,1.1,0,1.7,0,0,1.1,SGT,400kV,UKPN-LPN,2022,04/04/2022,17/04/2022,14,1,14,0,390,PL,1
311,312,seq0633,,m,88,162,WHGA2M4,KEARSLEY-WHITEGATE 2  WHGA S40 SGT4 & RE,TNWMANN,2.3,0,5.4,0,0,3.4,MC,275kV,MERSCON,2022,12/09/2022,25/09/2022,14,162,175,0,311,PL,4
403,404,seq0636,,a,87,,WIMB2M2,BEDDINGTON-WIMBLEDON 2,TLNSOTH,2.2,0,5.3,0,0,3.2,MC,275kV,SLONDIMP,2022,04/04/2022,04/04/2022,14,0,0,0,0,UP,5
344,345,seq0637,,m,91,93,WIMB2M3,NEW CROSS - WIMBLEDON 2 275KV CIRCUIT,TLNSOTH,0,0.1,2.4,0,0,1.4,MC,275kV,SLONDIMP,2022,05/07/2022,09/07/2022,5,93,97,0,341,PL,2
404,405,seq0638,,a,87,,WIMB2M4-B,WIMBLEDON SGT 9 CCT. WIMBLEDON MC4 SGT4,TLNSOTH,0.1,0,2.3,0,0,1.4,MC,275kV,UKPN-LPN,2022,04/04/2022,04/04/2022,20,0,0,0,0,UP,5
221,222,seq0639,032237-032237-O-0014,m,18,56,WISD1H,WILLESDEN GRID TRANSFORMER 1,TLNCETL,0.4,0,1.6,0,0,0.5,SGT,<66kV,SSE,2022,29/05/2022,09/10/2022,134,56,189,0,222,PL,615.76
196,197,seq0643,032237-032237-O-0022,m,0,183,WISDH1,,TLNCETL,0,0,0,0,0,0,SGT,275kV,SSE,2022,03/10/2022,09/10/2022,7,183,189,0,197,PL,0
345,346,seq0646,,m,91,43,WYMOX41,WYMONDLEY 400KV SGT4,TCNWANG,2,0,0,0,0,0,SGT,400kV,UKPN-EPN,2022,16/05/2022,10/06/2022,26,43,68,0,342,PL,2
3,4,seq0647,101125-202188-O-0004,m,0,206,ALDW2M1,ALDWARKE MC1 - SGT1A/1B,TNESHUM,0,0,0,0,0,0,MC,275kV,NPG,2022,26/10/2022,28/10/2022,3,206,208,0,4,PL,0
5,6,seq0648,101125-202188-O-0006,m,0,150,ALDW2M3,ALDWARKE MC3 - BRINSWORTH - SGT3,TNESHUM,0,0,0,0,0,0,MC,275kV,SHRIMP,2022,31/08/2022,02/09/2022,3,150,152,0,6,PL,0
25,26,seq0652,033288-033288-O-0029,m,0,203,BICF4,,TNETVAL,0,0,0,0,0,0,Circuit,400kV,UPFLSTH,2022,23/10/2022,23/10/2022,1,203,203,0,26,PL,0
24,25,seq0653,033288-033288-O-0022,m,0,183,BICF4,,TNETVAL,0,0,0,0,0,0,Circuit,400kV,UPFLSTH,2022,03/10/2022,05/10/2022,3,183,185,0,25,PL,0
23,24,seq0654,033288-033288-O-0023,m,0,185,BICF4,,TNETVAL,0,0,0,0,0,0,Circuit,400kV,UPFLSTH,2022,05/10/2022,09/10/2022,5,185,189,0,24,PL,0
22,23,seq0655,033288-033288-O-0025,m,0,192,BICF4,,TNETVAL,0,0,0,0,0,0,Circuit,400kV,UPFLSTH,2022,12/10/2022,16/10/2022,5,192,196,0,23,PL,0
21,22,seq0656,033288-033288-O-0027,m,0,199,BICF4,,TNETVAL,0,0,0,0,0,0,Circuit,400kV,UPFLSTH,2022,19/10/2022,23/10/2022,5,199,203,0,22,PL,0
20,21,seq0657,033288-033288-O-0026,m,0,197,BICF4,,TNETVAL,0,0,0,0,0,0,Circuit,400kV,UPFLSTH,2022,17/10/2022,23/10/2022,7,197,203,0,21,PL,0
19,20,seq0658,033288-033288-O-0024,m,0,190,BICF4,,TNETVAL,0,0,0,0,0,0,Circuit,400kV,UPFLSTH,2022,10/10/2022,16/10/2022,7,190,196,0,20,PL,0
18,19,seq0659,033288-033288-O-0021,m,0,183,BICF4,,TNETVAL,0,0,0,0,0,0,Circuit,400kV,UPFLSTH,2022,03/10/2022,09/10/2022,7,183,189,0,19,PL,0
17,18,seq0660,033288-033288-O-0018,m,0,176,BICF4,,TNETVAL,0,0,0,0,0,0,Circuit,400kV,UPFLSTH,2022,26/09/2022,02/10/2022,7,176,182,0,18,PL,0
16,17,seq0661,033288-033288-O-0016,m,0,22,BICF4,,TNETVAL,0,0,0,0,0,0,Circuit,400kV,UPFLSTH,2022,25/04/2022,01/05/2022,7,22,28,0,17,PL,0
15,16,seq0662,033288-033288-O-0015,m,0,15,BICF4,,TNETVAL,0,0,0,0,0,0,Circuit,400kV,UPFLSTH,2022,18/04/2022,24/04/2022,7,15,21,0,16,PL,0
14,15,seq0663,033288-033288-O-0014,m,0,15,BICF4,,TNETVAL,0,0,0,0,0,0,Circuit,400kV,UPFLSTH,2022,18/04/2022,24/04/2022,7,15,21,0,15,PL,0
13,14,seq0664,033288-033288-O-0012,m,0,1,BICF4,,TNETVAL,0,0,0,0,0,0,Circuit,400kV,UPFLSTH,2022,04/04/2022,17/04/2022,14,1,14,0,14,PL,0
270,271,seq0666,100631-201301-O-0001,m,75,148,BURW4M4,BURWELL MC4,TCNSANG,0.5,0,1.6,0,0,0.9,MC,400kV,FLOWSTH,2022,29/08/2022,21/10/2022,54,148,201,0,271,PL,12
269,270,seq0667,100631-201301-O-0001,m,75,148,BURW4M4,BURWELL MC4,TCNWANG,0,0,0.2,0,0,0.1,MC,400kV,FLOWSTH,2022,29/08/2022,21/10/2022,54,148,201,0,270,PL,2
154,155,seq0668,011004-0P9520-O-0052,m,0,335,RYHAX30,,OHNE,0,0,0,0,0,0,Circuit,400kV,FLOWSTH,2022,04/03/2023,05/03/2023,2,335,336,0,155,PL,0
223,224,seq0669,100463-201032-O-0003,m,20,1,COWLX40,COWLEY-CULHAM JET-DIDCOT,OHSW,0,0,0,0,0.6,0,Circuit,400kV,ADJACENT CIRCUITS - SWALEX,2022,04/04/2022,13/05/2022,40,1,40,0,224,PL,565.079
224,225,seq0670,100463-201032-O-0003,m,20,1,COWLX40,COWLEY-CULHAM JET-DIDCOT,TSWCHIL,1.2,0,0.6,0,0,0.4,Circuit,400kV,ADJACENT CIRCUITS - SWALEX,2022,04/04/2022,13/05/2022,40,1,40,0,225,PL,2
208,209,seq0671,100463-201032-O-0004,m,10,1,COWLX60,COWLEY-DIDCOT,OHSW,0,0,0,0,0.6,0,Circuit,400kV,ADJACENT CIRCUITS - SWALEX,2022,04/04/2022,13/05/2022,40,1,40,0,209,PL,1070.198
70,71,seq0672,100821-201659-O-0001,m,0,1,CREBX20,CREYKE BECK - HUMBER REFINERY - KEADBY,TNENHUM,0,0,0,0,0,0,Circuit,400kV,HUMBUREX,2022,04/04/2022,12/06/2022,70,1,70,0,71,PL,0
74,75,seq0673,100821-201659-O-0002,m,0,71,CREBX30,CREYKE BECK- KEADBY- KILLINGHOLME,TNENHUM,0,0,0,0,0,0,Circuit,400kV,HUMBUREX,2022,13/06/2022,21/08/2022,70,71,140,0,75,PL,0
91,92,seq0679,020897-020897-O-0038,m,0,85,HINPX20,HINKLEY POINT-MELKSHAM 2,TSWWCTY,0,0,0,0,0,0,Circuit,400kV,ADJACENT CIRCUITS - SWALEX,2022,27/06/2022,15/07/2022,19,85,103,0,92,PL,0
101,102,seq0681,100900-201809-O-0010,m,0,23,IROAH4,,TSWSEVN,0,0,0,0,0,0,SGT,275kV,SWALEX,2022,26/04/2022,28/04/2022,3,23,25,0,102,PL,0
106,107,seq0682, 020696-031410-O-0056,m,0,152,KEMSX110C,,TSENOKT,0,0,0,0,0,0,Circuit,400kV,SLONDIMP,2022,02/09/2022,08/09/2022,7,152,158,0,107,PL,0
148,149,seq0684,100004-200041-O-0009,m,0,169,RHIGX30,RHIGOS - SWANSEA NORTH 400KV CIRCUIT,TSWSWAW,0,0,0,0,0,0,Circuit,400kV,SWALEX,2022,19/09/2022,16/10/2022,28,169,196,0,149,PL,0
328,329,seq0686,033172-033172-O-0036,m,89,141,SSHI2M2,BLYTH - SOUTH SHIELDS - TYNEMOUTH 11KV 4,TNEBORD,0.1,0,1.3,0,0,0.5,MC,275kV,HADRIAN,2022,22/08/2022,25/09/2022,35,141,175,0,326,PL,1
327,328,seq0687,033172-033172-O-0036,m,89,141,SSHI2M2,BLYTH - SOUTH SHIELDS - TYNEMOUTH 11KV 4,TNEWEAR,0.4,0,0.9,0,0,0.5,MC,275kV,HADRIAN,2022,22/08/2022,25/09/2022,35,141,175,0,325,PL,2
165,166,seq0688,100182-200479-O-0014,m,0,1,STAL4A2,,TNWMANN,0,0,0,0,0,0,MC,400kV,SHRIMP,2022,04/04/2022,21/07/2022,109,1,109,0,166,PL,0
177,178,seq0690,100642-201318-O-0003,m,0,176,UPPB2M2,ABERTHAW UPPERBOAT 2,TSWSWAE,0,0,0,0,0,0,MC,275kV,COWPATEX,2022,26/09/2022,21/10/2022,26,176,201,0,178,PL,0
